id,first_name,last_name,gender,email,password
1,Brietta,Capel,Female,brietta.capel@g.batstate-u.edu.ph,Dc2Uowt
2,Hadria,Brightling,Female,hadria.brightling@g.batstate-u.edu.ph,3IWJLKUSnSw
3,Connor,Northley,Male,connor.northley@g.batstate-u.edu.ph,5BEolDm7OrF
4,Eyde,Gauford,Female,eyde.gauford@g.batstate-u.edu.ph,C4cwO2JfYAM
5,Cassie,Lydford,Male,cassie.lydford@g.batstate-u.edu.ph,FQWgyuRb8j
6,Bat,Tunstall,Male,bat.tunstall@g.batstate-u.edu.ph,GJld1gZ4pF
7,Francis,Osgar,Male,francis.osgar@g.batstate-u.edu.ph,fyQ85CIs
8,Carolee,Pitkins,Female,carolee.pitkins@g.batstate-u.edu.ph,u7pvgDeIvKs
9,Desi,Ballin,Male,desi.ballin@g.batstate-u.edu.ph,vXD2UHIa
10,Clarette,Hatto,Female,clarette.hatto@g.batstate-u.edu.ph,bzQsdfG
11,Lawry,Shenton,Male,lawry.shenton@g.batstate-u.edu.ph,iGi1qv
12,Case,Fenlon,Male,case.fenlon@g.batstate-u.edu.ph,PwxczHLDSgPS
13,Ignacius,Absolon,Male,ignacius.absolon@g.batstate-u.edu.ph,fTdRxoJ
14,Marcella,Saich,Female,marcella.saich@g.batstate-u.edu.ph,zKY4sNHJztN
15,Saundra,Van Hove,Female,saundra.van hove@g.batstate-u.edu.ph,uDIHp3Dlvrv
16,Jemimah,Bernadon,Female,jemimah.bernadon@g.batstate-u.edu.ph,APHF6Q
17,Sada,Blenkiron,Female,sada.blenkiron@g.batstate-u.edu.ph,B6fVaUi
18,Chandler,Smeed,Male,chandler.smeed@g.batstate-u.edu.ph,5QZO1NK0ko8s
19,Griffith,Mowle,Male,griffith.mowle@g.batstate-u.edu.ph,NiQojCUOzIyd
20,Anjela,Gleeson,Female,anjela.gleeson@g.batstate-u.edu.ph,MJqVKeN
21,Chaddie,Lingner,Male,chaddie.lingner@g.batstate-u.edu.ph,ve5urSg4
22,Gracia,Bulteel,Female,gracia.bulteel@g.batstate-u.edu.ph,DQ2xgMoM1mrU
23,Zerk,Kibblewhite,Male,zerk.kibblewhite@g.batstate-u.edu.ph,i4mjKm
24,Terrell,Dewett,Male,terrell.dewett@g.batstate-u.edu.ph,4VbnJue
25,Erv,Gerriets,Male,erv.gerriets@g.batstate-u.edu.ph,iOSaHuJG4ZdP
26,Tristan,Sondon,Male,tristan.sondon@g.batstate-u.edu.ph,hUSADNqW
27,Crosby,Gergus,Male,crosby.gergus@g.batstate-u.edu.ph,ZedmgHyVA
28,Marena,Iacofo,Female,marena.iacofo@g.batstate-u.edu.ph,WFRJqjJ
29,Laryssa,Manes,Female,laryssa.manes@g.batstate-u.edu.ph,JTRpok
30,Tania,Merkle,Female,tania.merkle@g.batstate-u.edu.ph,x4pas4Miiw
31,Deirdre,Boot,Female,deirdre.boot@g.batstate-u.edu.ph,eha815L88S
32,Moselle,Venditto,Female,moselle.venditto@g.batstate-u.edu.ph,jeKRjQkdW
33,Alverta,Gerram,Female,alverta.gerram@g.batstate-u.edu.ph,WWZUfOxoOwoP
34,Bethany,Yushachkov,Female,bethany.yushachkov@g.batstate-u.edu.ph,AMicfe
35,Kirstyn,Boldt,Female,kirstyn.boldt@g.batstate-u.edu.ph,Mhxc6GUmldUP
36,Matthaeus,Tatlowe,Male,matthaeus.tatlowe@g.batstate-u.edu.ph,qx21Lnju4
37,Marylee,Lawlan,Female,marylee.lawlan@g.batstate-u.edu.ph,yJacsjbP
38,Lexi,Lorentz,Female,lexi.lorentz@g.batstate-u.edu.ph,lNZaJDtz9
39,Harwell,Tullett,Male,harwell.tullett@g.batstate-u.edu.ph,dxhPZiLkc
40,Valle,Muckian,Male,valle.muckian@g.batstate-u.edu.ph,PseCZUxnV
41,Phip,Longea,Male,phip.longea@g.batstate-u.edu.ph,y2e1rPx
42,Gris,Cockings,Male,gris.cockings@g.batstate-u.edu.ph,3l2POT
43,Dinnie,Ingerith,Female,dinnie.ingerith@g.batstate-u.edu.ph,vdHSmCve6v1M
44,Lu,Bibey,Female,lu.bibey@g.batstate-u.edu.ph,lD8cpKIus4
45,Cherlyn,Byre,Female,cherlyn.byre@g.batstate-u.edu.ph,UMkMfRDfthMx
46,Godfree,Wix,Male,godfree.wix@g.batstate-u.edu.ph,Gd0NnemBX3
47,Alano,Tertre,Male,alano.tertre@g.batstate-u.edu.ph,bRs0BWp
48,Keenan,Enderlein,Male,keenan.enderlein@g.batstate-u.edu.ph,MIz1wbHu
49,Hasty,Baiden,Male,hasty.baiden@g.batstate-u.edu.ph,dgV4HWvhE8cb
50,Sukey,Birkin,Female,sukey.birkin@g.batstate-u.edu.ph,TBW3j2V42G
51,Murvyn,Dudek,Male,murvyn.dudek@g.batstate-u.edu.ph,AtfAe1yfth3
52,Sherye,Josefsen,Female,sherye.josefsen@g.batstate-u.edu.ph,NDMDR9DmNZMh
53,Gerta,Mooring,Female,gerta.mooring@g.batstate-u.edu.ph,P0820gEyUOls
54,Spense,Stitle,Male,spense.stitle@g.batstate-u.edu.ph,QPTEbxuA
55,Eustacia,Credland,Female,eustacia.credland@g.batstate-u.edu.ph,DtJZdpiqOFXs
56,Clark,Mulvenna,Male,clark.mulvenna@g.batstate-u.edu.ph,2CAyMT
57,Ardis,Bourdas,Female,ardis.bourdas@g.batstate-u.edu.ph,hWftDfauI
58,Tallulah,Fitzharris,Female,tallulah.fitzharris@g.batstate-u.edu.ph,sUET93rL
59,Fitzgerald,Matussov,Male,fitzgerald.matussov@g.batstate-u.edu.ph,h6SPLe
60,Paquito,Tinto,Male,paquito.tinto@g.batstate-u.edu.ph,arbdDRDhYO
61,Alene,Durham,Female,alene.durham@g.batstate-u.edu.ph,WlZS6AiKep
62,Heywood,Lampaert,Male,heywood.lampaert@g.batstate-u.edu.ph,5OHsxEa76
63,Boote,Ebbens,Male,boote.ebbens@g.batstate-u.edu.ph,lv9es9NyTOI
64,Glad,Baggs,Female,glad.baggs@g.batstate-u.edu.ph,ApYnVIKQH
65,Geri,Selborne,Male,geri.selborne@g.batstate-u.edu.ph,FllEEEq
66,Alf,Toffel,Male,alf.toffel@g.batstate-u.edu.ph,papF1mzw
67,Carita,Farthing,Female,carita.farthing@g.batstate-u.edu.ph,EZ68WEyIvYus
68,Valina,Hewes,Female,valina.hewes@g.batstate-u.edu.ph,nUL3T9
69,Lodovico,Euels,Male,lodovico.euels@g.batstate-u.edu.ph,AnamEbc8Qz
70,Cornall,Laurisch,Male,cornall.laurisch@g.batstate-u.edu.ph,odxfPMqrrOq
71,Scotti,Rolling,Male,scotti.rolling@g.batstate-u.edu.ph,FbRmsgdItUH
72,Carine,Mussett,Female,carine.mussett@g.batstate-u.edu.ph,fVv0rLExR
73,Heath,Zanni,Female,heath.zanni@g.batstate-u.edu.ph,hEfljCEL1
74,Carey,Renison,Female,carey.renison@g.batstate-u.edu.ph,rx5EGjn
75,Mariele,Fanner,Female,mariele.fanner@g.batstate-u.edu.ph,jlEbWjSQJ
76,Alverta,Tuft,Female,alverta.tuft@g.batstate-u.edu.ph,Yqt0m8k4
77,Layne,Jeskin,Female,layne.jeskin@g.batstate-u.edu.ph,uxYivR
78,Dyann,Densun,Female,dyann.densun@g.batstate-u.edu.ph,4gesfj
79,Arnie,Tripet,Male,arnie.tripet@g.batstate-u.edu.ph,A5MfTO6Du
80,Merrel,Alexandersen,Male,merrel.alexandersen@g.batstate-u.edu.ph,Pcn8jm
81,Dione,Crowest,Female,dione.crowest@g.batstate-u.edu.ph,vlcpXOQj
82,Olva,Wile,Female,olva.wile@g.batstate-u.edu.ph,A8HMjV
83,Anders,Handrock,Male,anders.handrock@g.batstate-u.edu.ph,uDTSVqFCH
84,Anson,Bussen,Male,anson.bussen@g.batstate-u.edu.ph,aaKzeW3xW
85,Augustina,Brixey,Female,augustina.brixey@g.batstate-u.edu.ph,gPrjLDD
86,Emogene,Kittle,Female,emogene.kittle@g.batstate-u.edu.ph,Ia4T08xDh3S
87,Adrian,Dobbins,Male,adrian.dobbins@g.batstate-u.edu.ph,Qv2fAhyp
88,Jannel,Nuttall,Female,jannel.nuttall@g.batstate-u.edu.ph,iZxlh6iXkP
89,Gipsy,Downie,Female,gipsy.downie@g.batstate-u.edu.ph,rCAyjLxLf
90,Chaddie,Levings,Male,chaddie.levings@g.batstate-u.edu.ph,F4T3UND
91,Blane,Harston,Male,blane.harston@g.batstate-u.edu.ph,DxQy3P
92,Ty,MacKegg,Male,ty.mackegg@g.batstate-u.edu.ph,HCq81YOWdQjd
93,Mariska,Belleny,Female,mariska.belleny@g.batstate-u.edu.ph,ZfjCvIAa4
94,Effie,Paulot,Female,effie.paulot@g.batstate-u.edu.ph,UgmUQ99S
95,Tadio,Hans,Male,tadio.hans@g.batstate-u.edu.ph,FJqKohyjk1
96,Nowell,McGuirk,Male,nowell.mcguirk@g.batstate-u.edu.ph,0qBYYfnH
97,Lotti,Gavriel,Female,lotti.gavriel@g.batstate-u.edu.ph,EumJOBplTby
98,Honor,Stickings,Female,honor.stickings@g.batstate-u.edu.ph,FpL6JkPXunn
99,Arliene,Feenan,Female,arliene.feenan@g.batstate-u.edu.ph,5wdIKWcFHR
100,Stephenie,Ackhurst,Female,stephenie.ackhurst@g.batstate-u.edu.ph,CQv4WBCC4k
101,Lucila,Fine,Female,lucila.fine@g.batstate-u.edu.ph,a5fTfkMp
102,Abraham,Walklate,Male,abraham.walklate@g.batstate-u.edu.ph,mUa38JVOr
103,Bonni,Hamlington,Female,bonni.hamlington@g.batstate-u.edu.ph,RoXmVNj3M
104,Leo,Hubber,Male,leo.hubber@g.batstate-u.edu.ph,8SyhEpSO
105,Darbee,Kerwick,Male,darbee.kerwick@g.batstate-u.edu.ph,31iRzhUJ0X4y
106,Domeniga,Newing,Female,domeniga.newing@g.batstate-u.edu.ph,Uwv6076TkY
107,Meghan,Mays,Female,meghan.mays@g.batstate-u.edu.ph,OuHid9E
108,Danielle,MacAughtrie,Female,danielle.macaughtrie@g.batstate-u.edu.ph,GI0DTs3xJ4Kv
109,Missy,Duggon,Female,missy.duggon@g.batstate-u.edu.ph,soATfaN
110,Larissa,Issard,Female,larissa.issard@g.batstate-u.edu.ph,EDDFtWex
111,Elijah,Merkel,Male,elijah.merkel@g.batstate-u.edu.ph,0fAboA
112,Virginia,Tulloch,Female,virginia.tulloch@g.batstate-u.edu.ph,bAXx2O2SIQY
113,Payton,MacVagh,Male,payton.macvagh@g.batstate-u.edu.ph,yxb3R83gMmZ
114,Brandice,Saward,Female,brandice.saward@g.batstate-u.edu.ph,Ihai3T5o4zQy
115,Billi,Lafranconi,Female,billi.lafranconi@g.batstate-u.edu.ph,MbwQ34lOv
116,Amalle,Walls,Female,amalle.walls@g.batstate-u.edu.ph,UCVh7rEs
117,Constantia,Follet,Female,constantia.follet@g.batstate-u.edu.ph,93jjkGRQnSXN
118,Herbert,Carren,Male,herbert.carren@g.batstate-u.edu.ph,o8tmQHA
119,Tommy,Lipprose,Female,tommy.lipprose@g.batstate-u.edu.ph,PtHwrH
120,Leonardo,Wharrier,Male,leonardo.wharrier@g.batstate-u.edu.ph,z4TKgdigf5H
121,Phip,Backshill,Male,phip.backshill@g.batstate-u.edu.ph,j4sbKk
122,Brynn,Cockland,Female,brynn.cockland@g.batstate-u.edu.ph,wUlz00fgdDUX
123,Murvyn,Sheerin,Male,murvyn.sheerin@g.batstate-u.edu.ph,Xnb2yj4eM
124,Aluino,Greggersen,Male,aluino.greggersen@g.batstate-u.edu.ph,kCZ7cyYixm3l
125,Sebastian,Shord,Male,sebastian.shord@g.batstate-u.edu.ph,oqcOwaJcS9y
126,Chicky,Cone,Male,chicky.cone@g.batstate-u.edu.ph,eCjxhQgZov
127,Ben,Coughtrey,Male,ben.coughtrey@g.batstate-u.edu.ph,SVrrUeSZwup4
128,Viola,Skyrme,Female,viola.skyrme@g.batstate-u.edu.ph,VxFmlS
129,Ezra,Peres,Male,ezra.peres@g.batstate-u.edu.ph,BcLuIlugl3t
130,Ofella,Chicotti,Female,ofella.chicotti@g.batstate-u.edu.ph,nQ6Oqjc
131,Marla,Sweetenham,Female,marla.sweetenham@g.batstate-u.edu.ph,iU5ubhS
132,Bevvy,Wallworth,Female,bevvy.wallworth@g.batstate-u.edu.ph,90VN58WNZs08
133,Stacie,Keerl,Female,stacie.keerl@g.batstate-u.edu.ph,esvTSETY
134,Melli,Bullas,Female,melli.bullas@g.batstate-u.edu.ph,TBOoo9
135,Bertine,Aggis,Female,bertine.aggis@g.batstate-u.edu.ph,fhbZ7pJMlI
136,Averill,Ingamells,Male,averill.ingamells@g.batstate-u.edu.ph,GK1hy7
137,Dinnie,Bradd,Female,dinnie.bradd@g.batstate-u.edu.ph,Hkuw2Bh1
138,Giacomo,Goodday,Male,giacomo.goodday@g.batstate-u.edu.ph,qcjVVOysmsL
139,Jessa,Boggish,Female,jessa.boggish@g.batstate-u.edu.ph,tBLwFs7v
140,Gabriello,Lutz,Male,gabriello.lutz@g.batstate-u.edu.ph,n5k5R6
141,Rhianon,Geering,Female,rhianon.geering@g.batstate-u.edu.ph,gNTbIc31aWkA
142,Wernher,Thibodeaux,Male,wernher.thibodeaux@g.batstate-u.edu.ph,fYoBu08
143,Fields,Aldus,Male,fields.aldus@g.batstate-u.edu.ph,JvLV1THk5
144,Annalise,Brooks,Female,annalise.brooks@g.batstate-u.edu.ph,rbX5mReY0B
145,Pascale,Firmage,Male,pascale.firmage@g.batstate-u.edu.ph,5EfY2EG
146,Nanette,Gecks,Female,nanette.gecks@g.batstate-u.edu.ph,XWrGhTMs
147,Harmon,Roch,Male,harmon.roch@g.batstate-u.edu.ph,A189VN0S
148,Ash,Gyde,Male,ash.gyde@g.batstate-u.edu.ph,ct1SndJSX
149,Traci,Lemmen,Female,traci.lemmen@g.batstate-u.edu.ph,akGHZ5j
150,Chet,Rozea,Male,chet.rozea@g.batstate-u.edu.ph,HBg1Tzlcij
151,De witt,Serridge,Male,de witt.serridge@g.batstate-u.edu.ph,Meyqj2zFc
152,Conni,Foulser,Female,conni.foulser@g.batstate-u.edu.ph,Fs8NK1CCWxW
153,Dale,Lealle,Male,dale.lealle@g.batstate-u.edu.ph,1hK8pHCe
154,Kial,Katz,Female,kial.katz@g.batstate-u.edu.ph,kcfigBNlVw
155,Towney,Dutt,Male,towney.dutt@g.batstate-u.edu.ph,NOI3TFtZp
156,Brier,Ierland,Female,brier.ierland@g.batstate-u.edu.ph,jE7tVHnHLq7l
157,Ram,Andriesse,Male,ram.andriesse@g.batstate-u.edu.ph,GT4WeSDuZz
158,Christan,McMychem,Female,christan.mcmychem@g.batstate-u.edu.ph,ljVIie
159,Nissy,Samsworth,Female,nissy.samsworth@g.batstate-u.edu.ph,Dr8rHht
160,Xaviera,Luckett,Female,xaviera.luckett@g.batstate-u.edu.ph,ylMip0im
161,Lura,Dominec,Female,lura.dominec@g.batstate-u.edu.ph,wdZdwdzCt
162,Ebeneser,Hannon,Male,ebeneser.hannon@g.batstate-u.edu.ph,8fzFNMTfXZs
163,Jodee,Hollington,Female,jodee.hollington@g.batstate-u.edu.ph,EWDWYPPy
164,Gustavo,Murrhaupt,Male,gustavo.murrhaupt@g.batstate-u.edu.ph,CNb2xwFxY7az
165,Jerrilyn,Landeg,Female,jerrilyn.landeg@g.batstate-u.edu.ph,H6nX8NrK
166,Stacey,Klimschak,Female,stacey.klimschak@g.batstate-u.edu.ph,JroMHUAjla7N
167,Leesa,Pywell,Female,leesa.pywell@g.batstate-u.edu.ph,vN57PpkZix9
168,Raina,Gillio,Female,raina.gillio@g.batstate-u.edu.ph,tMv5rHDR
169,Bobbye,Baert,Female,bobbye.baert@g.batstate-u.edu.ph,lSd5qygMh
170,Jessamyn,Gawler,Female,jessamyn.gawler@g.batstate-u.edu.ph,PE4XCaSO7QUn
171,Abagail,Grabiec,Female,abagail.grabiec@g.batstate-u.edu.ph,TzHrmdF6d5hk
172,Kendall,Grangier,Male,kendall.grangier@g.batstate-u.edu.ph,0mU4ilc6p
173,Glory,Cartledge,Female,glory.cartledge@g.batstate-u.edu.ph,hmW5ur
174,Boycie,Brunesco,Male,boycie.brunesco@g.batstate-u.edu.ph,D8EYZuw5K
175,Rochester,Burghall,Male,rochester.burghall@g.batstate-u.edu.ph,hnSj0rEJUoi
176,Becca,Maudlin,Female,becca.maudlin@g.batstate-u.edu.ph,NhhCGhynVtZ8
177,Jammie,Cadreman,Female,jammie.cadreman@g.batstate-u.edu.ph,0qgzgpMKR
178,Tiffi,Carnihan,Female,tiffi.carnihan@g.batstate-u.edu.ph,nwBdOM4ODjL
179,Alphonse,Stockill,Male,alphonse.stockill@g.batstate-u.edu.ph,BHJVsMfSSu
180,Kettie,Gladtbach,Female,kettie.gladtbach@g.batstate-u.edu.ph,Bk4df1HiZP
181,Sherie,MacDiarmond,Female,sherie.macdiarmond@g.batstate-u.edu.ph,pt4O0t0rmTn
182,Johnathon,Bidwell,Male,johnathon.bidwell@g.batstate-u.edu.ph,bChgIw
183,Elena,Senecaux,Female,elena.senecaux@g.batstate-u.edu.ph,4ALWxpWo
184,Teri,Temblett,Female,teri.temblett@g.batstate-u.edu.ph,ZpEonpXlmPc
185,Lyman,Costley,Male,lyman.costley@g.batstate-u.edu.ph,HRkHg4Cpqf6
186,Ethel,Moizer,Female,ethel.moizer@g.batstate-u.edu.ph,ptkEHdPF
187,Skippie,Doneld,Male,skippie.doneld@g.batstate-u.edu.ph,H32dwd24KdC
188,Paul,Towsey,Male,paul.towsey@g.batstate-u.edu.ph,hAFa5igiW
189,Mia,Carding,Female,mia.carding@g.batstate-u.edu.ph,kBIrcg5
190,Gerick,Late,Male,gerick.late@g.batstate-u.edu.ph,6dJrhZM
191,Pietro,Lownsbrough,Male,pietro.lownsbrough@g.batstate-u.edu.ph,3yINWWqPZO5
192,Wynne,Daouze,Female,wynne.daouze@g.batstate-u.edu.ph,swwP6Wbuehu
193,Annetta,Dewes,Female,annetta.dewes@g.batstate-u.edu.ph,2EdVNj
194,Konstanze,Gyves,Female,konstanze.gyves@g.batstate-u.edu.ph,d1N1qaN9EHgk
195,Jackie,Freckingham,Male,jackie.freckingham@g.batstate-u.edu.ph,EI2cltbkdx4S
196,Prentice,Notley,Male,prentice.notley@g.batstate-u.edu.ph,mN3aJ4
197,Kylie,Nafzger,Female,kylie.nafzger@g.batstate-u.edu.ph,jSigV904D7Ix
198,Giffy,Kemme,Male,giffy.kemme@g.batstate-u.edu.ph,YYJtAh9ejYIj
199,Borden,Marushak,Male,borden.marushak@g.batstate-u.edu.ph,FozdF9DuNlK
200,Brennan,Joselovitch,Male,brennan.joselovitch@g.batstate-u.edu.ph,iREstCr4L
201,Jere,Cardero,Male,jere.cardero@g.batstate-u.edu.ph,FRJ9EovQS
202,Clark,Pond-Jones,Male,clark.pond-jones@g.batstate-u.edu.ph,2Er79FfqY
203,Erastus,Beevers,Male,erastus.beevers@g.batstate-u.edu.ph,giPWQrVpq9Oz
204,Sela,Allmen,Female,sela.allmen@g.batstate-u.edu.ph,nPtPhfF7HdNm
205,Anders,Crossan,Male,anders.crossan@g.batstate-u.edu.ph,OzYe1TFi
206,Carolina,Raith,Female,carolina.raith@g.batstate-u.edu.ph,ZQDZoWdcjdr
207,Stillmann,McCarry,Male,stillmann.mccarry@g.batstate-u.edu.ph,BZeFP5YkFFI
208,Jennifer,Osmond,Female,jennifer.osmond@g.batstate-u.edu.ph,xZk9ezOLRVu
209,Annelise,Gunton,Female,annelise.gunton@g.batstate-u.edu.ph,UnmDv6
210,Charisse,Maleney,Female,charisse.maleney@g.batstate-u.edu.ph,cuu7fRE4iSF
211,Iona,Kettlestringes,Female,iona.kettlestringes@g.batstate-u.edu.ph,TnOsSt4
212,Marlyn,Willes,Female,marlyn.willes@g.batstate-u.edu.ph,eTERxS
213,Budd,Fripps,Male,budd.fripps@g.batstate-u.edu.ph,v6VNxP1hAE
214,Rip,Jodrellec,Male,rip.jodrellec@g.batstate-u.edu.ph,5QqaoWUf
215,Filippo,Cokely,Male,filippo.cokely@g.batstate-u.edu.ph,D9UAc0ap2
216,Herve,Filippo,Male,herve.filippo@g.batstate-u.edu.ph,XuBtDcK7L
217,Marwin,Fazan,Male,marwin.fazan@g.batstate-u.edu.ph,uzj31XbG
218,Orelle,Alfonzo,Female,orelle.alfonzo@g.batstate-u.edu.ph,mJDCpXp
219,Feodor,Futter,Male,feodor.futter@g.batstate-u.edu.ph,d3QmkCTlKu
220,Mason,Tilberry,Male,mason.tilberry@g.batstate-u.edu.ph,vszh3wxceTE
221,Nevins,Hainge,Male,nevins.hainge@g.batstate-u.edu.ph,vIftC9wel6
222,Modestine,France,Female,modestine.france@g.batstate-u.edu.ph,n3AbLHb
223,Caesar,Cardenosa,Male,caesar.cardenosa@g.batstate-u.edu.ph,NLPqz2
224,Jaquelin,Osant,Female,jaquelin.osant@g.batstate-u.edu.ph,87SAfe5g13Y
225,Belvia,Ledson,Female,belvia.ledson@g.batstate-u.edu.ph,isCF58Hs9oS
226,Des,Sweetnam,Male,des.sweetnam@g.batstate-u.edu.ph,zlWQVY
227,Meghan,Marciskewski,Female,meghan.marciskewski@g.batstate-u.edu.ph,aeWh1G
228,Mario,Rannie,Male,mario.rannie@g.batstate-u.edu.ph,ZWN6KtlO02nm
229,Guthrie,Blaasch,Male,guthrie.blaasch@g.batstate-u.edu.ph,h0UkZGZU
230,Sunny,Ligertwood,Female,sunny.ligertwood@g.batstate-u.edu.ph,qktD7g86oy
231,Benetta,Kilpin,Female,benetta.kilpin@g.batstate-u.edu.ph,7WLl3CNjf
232,Silvain,Baylay,Male,silvain.baylay@g.batstate-u.edu.ph,D0w1YOGp7ih
233,Dana,Ship,Female,dana.ship@g.batstate-u.edu.ph,Kb9pUn9s
234,Dannie,De Hoogh,Male,dannie.de hoogh@g.batstate-u.edu.ph,5DxNEVbw
235,Bev,Macer,Female,bev.macer@g.batstate-u.edu.ph,N60cAaEyGu6z
236,Bowie,Frentz,Male,bowie.frentz@g.batstate-u.edu.ph,99VNTWkiI0xc
237,Rafaellle,Bickardike,Male,rafaellle.bickardike@g.batstate-u.edu.ph,F9o9awM
238,Lind,Holborn,Female,lind.holborn@g.batstate-u.edu.ph,m7gLkxHfFCC
239,Boyd,Ollenbuttel,Male,boyd.ollenbuttel@g.batstate-u.edu.ph,Ia2ncSvLT
240,Tabbie,Wych,Male,tabbie.wych@g.batstate-u.edu.ph,Rv54wJMg5
241,Tiphanie,Deplacido,Female,tiphanie.deplacido@g.batstate-u.edu.ph,qrCdZIv2
242,Evangelia,Scneider,Female,evangelia.scneider@g.batstate-u.edu.ph,2jlyZ8K63Ek
243,Anthiathia,Marcone,Female,anthiathia.marcone@g.batstate-u.edu.ph,rqBtTxSQq1rS
244,Issie,Scouse,Female,issie.scouse@g.batstate-u.edu.ph,k3prtp
245,Leilah,Bruhn,Female,leilah.bruhn@g.batstate-u.edu.ph,O57PuGK
246,Eolanda,Haslegrave,Female,eolanda.haslegrave@g.batstate-u.edu.ph,W2Lmq0wP
247,Tatiana,Maron,Female,tatiana.maron@g.batstate-u.edu.ph,Ty4M9TjxVKu
248,Aron,Widdowes,Male,aron.widdowes@g.batstate-u.edu.ph,eniVCwGl
249,Page,Curzon,Female,page.curzon@g.batstate-u.edu.ph,9sdGEv
250,Annecorinne,Sall,Female,annecorinne.sall@g.batstate-u.edu.ph,exyeMoI4
251,Brigida,Powe,Female,brigida.powe@g.batstate-u.edu.ph,G6phmL
252,Hercules,Teaze,Male,hercules.teaze@g.batstate-u.edu.ph,BQ9J22AoB
253,Inga,Milroy,Female,inga.milroy@g.batstate-u.edu.ph,d9Ybk2
254,Celia,O'Flannery,Female,celia.o'flannery@g.batstate-u.edu.ph,aDrKNffRe
255,Dionysus,Antoons,Male,dionysus.antoons@g.batstate-u.edu.ph,oHdoB1cEOEb
256,Cozmo,Damrell,Male,cozmo.damrell@g.batstate-u.edu.ph,l3M40yIzhF
257,Ambrosi,Yellowley,Male,ambrosi.yellowley@g.batstate-u.edu.ph,F1UMopDzH
258,Karil,Denington,Female,karil.denington@g.batstate-u.edu.ph,eq6aFZDMP
259,Gunner,Cowins,Male,gunner.cowins@g.batstate-u.edu.ph,E8TXs1t6C5
260,Esdras,Gallant,Male,esdras.gallant@g.batstate-u.edu.ph,ZN5AxYIYZ7L
261,Bernardina,Garret,Female,bernardina.garret@g.batstate-u.edu.ph,UpLnUn6q0s
262,Laney,Weatherall,Male,laney.weatherall@g.batstate-u.edu.ph,N4adL5rq
263,Prudence,Zorzenoni,Female,prudence.zorzenoni@g.batstate-u.edu.ph,JzSmg15w7zrb
264,Benjy,Grenfell,Male,benjy.grenfell@g.batstate-u.edu.ph,tDxb1K
265,Alejoa,Muffin,Male,alejoa.muffin@g.batstate-u.edu.ph,ryshS98OTY
266,Aharon,Barosch,Male,aharon.barosch@g.batstate-u.edu.ph,w9VdqvS31Vy
267,Tripp,Chattey,Male,tripp.chattey@g.batstate-u.edu.ph,KRlnf30MMN4
268,Feliza,Gorvette,Female,feliza.gorvette@g.batstate-u.edu.ph,hOcj0paN
269,Rafi,Tennock,Male,rafi.tennock@g.batstate-u.edu.ph,zhHYxB
270,Gwen,Kyncl,Female,gwen.kyncl@g.batstate-u.edu.ph,zyfoa6bSHk
271,Corbet,Baldack,Male,corbet.baldack@g.batstate-u.edu.ph,i4BjxWJC
272,Will,Jackes,Male,will.jackes@g.batstate-u.edu.ph,zIIzzd
273,Gretchen,Kitney,Female,gretchen.kitney@g.batstate-u.edu.ph,GrCW4Dpz
274,Lek,Di Francecshi,Male,lek.di francecshi@g.batstate-u.edu.ph,NyYf384aIhn
275,Sashenka,Hagard,Female,sashenka.hagard@g.batstate-u.edu.ph,XMfjnkUN1K
276,Peyter,Postles,Male,peyter.postles@g.batstate-u.edu.ph,L0XIkJ4nRgUI
277,Rad,Semonin,Male,rad.semonin@g.batstate-u.edu.ph,EdlpmxUc
278,Aila,Baukham,Female,aila.baukham@g.batstate-u.edu.ph,OKCjgAw8zNco
279,Tucky,Stubbley,Male,tucky.stubbley@g.batstate-u.edu.ph,PB2KDZX
280,Mickie,Kinningley,Male,mickie.kinningley@g.batstate-u.edu.ph,83RqVxm
281,Vachel,O'Carran,Male,vachel.o'carran@g.batstate-u.edu.ph,9ymJGZxB
282,Carly,O'Rowane,Female,carly.o'rowane@g.batstate-u.edu.ph,HtA4dZ
283,Danna,O'Devey,Female,danna.o'devey@g.batstate-u.edu.ph,UqdbbwXrm9zD
284,Kris,Lotwich,Male,kris.lotwich@g.batstate-u.edu.ph,gpNhufKWqAN
285,Consolata,Masarrat,Female,consolata.masarrat@g.batstate-u.edu.ph,5c61rJ
286,Deeyn,Baudins,Female,deeyn.baudins@g.batstate-u.edu.ph,9rM2bnjPX0
287,Miranda,Penton,Female,miranda.penton@g.batstate-u.edu.ph,mxOLfwV
288,Mauricio,Astles,Male,mauricio.astles@g.batstate-u.edu.ph,2uYog9vL
289,Hill,Rathke,Male,hill.rathke@g.batstate-u.edu.ph,ez2NRlKSzk6
290,Mavis,Stephens,Female,mavis.stephens@g.batstate-u.edu.ph,6M085EDW
291,Karel,McCorley,Female,karel.mccorley@g.batstate-u.edu.ph,MOS6uXp6zap
292,Fan,Slight,Female,fan.slight@g.batstate-u.edu.ph,enPu5FkXSEgb
293,Enrico,Ewles,Male,enrico.ewles@g.batstate-u.edu.ph,OtRTI66Dlh
294,Brigham,Spilling,Male,brigham.spilling@g.batstate-u.edu.ph,Fl3lURwkBbvF
295,Dinnie,Lomasney,Female,dinnie.lomasney@g.batstate-u.edu.ph,G4AWhabpl
296,Raul,De Filippo,Male,raul.de filippo@g.batstate-u.edu.ph,b5KG9W
297,Durand,Titta,Male,durand.titta@g.batstate-u.edu.ph,vsSoy5tNI
298,Gilbert,Crix,Male,gilbert.crix@g.batstate-u.edu.ph,Gmr4qTiYO4A
299,Abdel,Dockrill,Male,abdel.dockrill@g.batstate-u.edu.ph,to6zul
300,Isadora,Chastey,Female,isadora.chastey@g.batstate-u.edu.ph,N5ciNSl76k2t
301,Gayelord,Stiebler,Male,gayelord.stiebler@g.batstate-u.edu.ph,WI3cqhOzbrq
302,Bond,Brett,Male,bond.brett@g.batstate-u.edu.ph,Nr0JQ1pLSY5
303,Jinny,Kainz,Female,jinny.kainz@g.batstate-u.edu.ph,ghc8G3hGq
304,Nefen,Naisbet,Male,nefen.naisbet@g.batstate-u.edu.ph,RguJ3kjB
305,Zondra,Kolis,Female,zondra.kolis@g.batstate-u.edu.ph,EuZUUQKmrmT
306,Jaimie,Wimpenny,Male,jaimie.wimpenny@g.batstate-u.edu.ph,kHCyneS6z
307,Alasteir,Mushet,Male,alasteir.mushet@g.batstate-u.edu.ph,XICZv8iob
308,Genevra,Fowley,Female,genevra.fowley@g.batstate-u.edu.ph,PZb1z9psLXuN
309,Herc,Pickthorne,Male,herc.pickthorne@g.batstate-u.edu.ph,K2RTdv
310,Jaquith,Klimkovich,Female,jaquith.klimkovich@g.batstate-u.edu.ph,ZuKbDoO3I
311,Maxie,Holdey,Male,maxie.holdey@g.batstate-u.edu.ph,BsMzf4e
312,Madella,Ioannou,Female,madella.ioannou@g.batstate-u.edu.ph,ySgjF0z
313,Ermina,Wiszniewski,Female,ermina.wiszniewski@g.batstate-u.edu.ph,zXcw1KS
314,Ruthie,Dederick,Female,ruthie.dederick@g.batstate-u.edu.ph,CZOBKFb
315,Chantalle,Wildt,Female,chantalle.wildt@g.batstate-u.edu.ph,IbEVXD
316,Lucina,Sanderson,Female,lucina.sanderson@g.batstate-u.edu.ph,FistLw
317,Mark,Farre,Male,mark.farre@g.batstate-u.edu.ph,uPou03Xm
318,Tamarra,Mingauld,Female,tamarra.mingauld@g.batstate-u.edu.ph,KqETqLWTLf
319,Constantino,Glanton,Male,constantino.glanton@g.batstate-u.edu.ph,Ll9HNtQ
320,Artie,Cootes,Male,artie.cootes@g.batstate-u.edu.ph,SCs14YN051L
321,Herbert,Rean,Male,herbert.rean@g.batstate-u.edu.ph,vCF9yL0uCWMY
322,Janifer,Klimontovich,Female,janifer.klimontovich@g.batstate-u.edu.ph,Wvq5ji
323,Gwen,Arnaez,Female,gwen.arnaez@g.batstate-u.edu.ph,zhIgjFElnw
324,Elbertina,Ockland,Female,elbertina.ockland@g.batstate-u.edu.ph,V3RAp5
325,Lynn,Prosch,Male,lynn.prosch@g.batstate-u.edu.ph,08QwRaDrz
326,Graehme,Godwyn,Male,graehme.godwyn@g.batstate-u.edu.ph,c5Jgbk9G8
327,Juana,Tedder,Female,juana.tedder@g.batstate-u.edu.ph,lA7Ve7Iog
328,Odo,Sandle,Male,odo.sandle@g.batstate-u.edu.ph,YOE4iUP
329,Edwin,Currington,Male,edwin.currington@g.batstate-u.edu.ph,WKZuZAxJFmx
330,Fergus,Quarless,Male,fergus.quarless@g.batstate-u.edu.ph,VQtx1kyQ
331,Claiborne,Frazier,Male,claiborne.frazier@g.batstate-u.edu.ph,tsYzdYuhrS
332,Julian,Adnet,Male,julian.adnet@g.batstate-u.edu.ph,ubD3tA
333,Aubry,Ogilby,Female,aubry.ogilby@g.batstate-u.edu.ph,s96QR0gDP
334,Aprilette,McHugh,Female,aprilette.mchugh@g.batstate-u.edu.ph,einyDsvYNrs
335,Ellene,Stare,Female,ellene.stare@g.batstate-u.edu.ph,YrzKmk
336,Josephine,Ashford,Female,josephine.ashford@g.batstate-u.edu.ph,n32CaeOYh2rn
337,Ruttger,Grimsdale,Male,ruttger.grimsdale@g.batstate-u.edu.ph,Pka9KWDqEj
338,Rocky,Chapelhow,Male,rocky.chapelhow@g.batstate-u.edu.ph,U3Ueualr
339,Cara,Reidie,Female,cara.reidie@g.batstate-u.edu.ph,dVS7n6cUNYA
340,Giacopo,Gainsburgh,Male,giacopo.gainsburgh@g.batstate-u.edu.ph,Gz92HW3
341,Lynna,Twigger,Female,lynna.twigger@g.batstate-u.edu.ph,5N1RoQtt
342,Lanita,Jarratt,Female,lanita.jarratt@g.batstate-u.edu.ph,R9SZq1yFca
343,Belinda,Cuniffe,Female,belinda.cuniffe@g.batstate-u.edu.ph,xcD5MqIys
344,Loleta,Lomis,Female,loleta.lomis@g.batstate-u.edu.ph,S1G182agWXw
345,Dee dee,Bembridge,Female,dee dee.bembridge@g.batstate-u.edu.ph,mShenHI
346,Koralle,Dmisek,Female,koralle.dmisek@g.batstate-u.edu.ph,d7Lf6Jw9OF
347,Kippy,Mobley,Male,kippy.mobley@g.batstate-u.edu.ph,MDqYgoP79D4
348,Cissy,D'Elias,Female,cissy.d'elias@g.batstate-u.edu.ph,KvUama0Rgr
349,Kareem,Bartoshevich,Male,kareem.bartoshevich@g.batstate-u.edu.ph,6fo4B4OsXx
350,Olivette,Dundon,Female,olivette.dundon@g.batstate-u.edu.ph,m9taidW
351,Sianna,Tennant,Female,sianna.tennant@g.batstate-u.edu.ph,EoinHC8MXFqr
352,Ruy,Marklund,Male,ruy.marklund@g.batstate-u.edu.ph,5LM9EZbZ
353,Abran,Porker,Male,abran.porker@g.batstate-u.edu.ph,scjwH9KxHoj
354,Napoleon,Sillars,Male,napoleon.sillars@g.batstate-u.edu.ph,mbHNzKIq
355,Tori,Ginley,Female,tori.ginley@g.batstate-u.edu.ph,srC0nqO
356,Nev,Boler,Male,nev.boler@g.batstate-u.edu.ph,0ZCjt7v9RG
357,Kahlil,Robert,Male,kahlil.robert@g.batstate-u.edu.ph,BLzmkerj
358,Dasya,Jefferies,Female,dasya.jefferies@g.batstate-u.edu.ph,ZT639f6C7QW
359,Simone,Jellicorse,Male,simone.jellicorse@g.batstate-u.edu.ph,KoaHDIK
360,Keelby,Coolahan,Male,keelby.coolahan@g.batstate-u.edu.ph,L8PNg3m8LS6V
361,Christie,Dauncey,Female,christie.dauncey@g.batstate-u.edu.ph,a1jykgWv0
362,Mariam,Whewill,Female,mariam.whewill@g.batstate-u.edu.ph,hMHYPQEB
363,Gusta,Keohane,Female,gusta.keohane@g.batstate-u.edu.ph,MkKtjJsZeq
364,Nick,Audrey,Male,nick.audrey@g.batstate-u.edu.ph,wc7jYKsp
365,Gavra,Peachman,Female,gavra.peachman@g.batstate-u.edu.ph,kdHCnOJ
366,Edouard,Snelson,Male,edouard.snelson@g.batstate-u.edu.ph,RoxNZg
367,Kelwin,Hutt,Male,kelwin.hutt@g.batstate-u.edu.ph,ygkJr2A
368,Gasper,Lissett,Male,gasper.lissett@g.batstate-u.edu.ph,n4Mbb6hFN
369,Daryl,Burkart,Male,daryl.burkart@g.batstate-u.edu.ph,3ileC9UbQxxm
370,Rog,Downs,Male,rog.downs@g.batstate-u.edu.ph,NtIUY0wV
371,Meridel,Toun,Female,meridel.toun@g.batstate-u.edu.ph,2hniTYl
372,Benedicto,Pitkin,Male,benedicto.pitkin@g.batstate-u.edu.ph,9FWAeu
373,Ilysa,Barras,Female,ilysa.barras@g.batstate-u.edu.ph,2LUenIM
374,Kimmi,Ziemen,Female,kimmi.ziemen@g.batstate-u.edu.ph,o0sCgAqw1Yc
375,Gabbey,Pittham,Female,gabbey.pittham@g.batstate-u.edu.ph,bJvUKQT7hiv
376,Mirabelle,Tyne,Female,mirabelle.tyne@g.batstate-u.edu.ph,RXOymC
377,Allister,Greenlees,Male,allister.greenlees@g.batstate-u.edu.ph,pSGVOC3
378,Cornelle,Chiles,Female,cornelle.chiles@g.batstate-u.edu.ph,XITpY8Z10y
379,Sonnnie,Aldins,Female,sonnnie.aldins@g.batstate-u.edu.ph,D8aiiGUfw
380,Collete,Clinnick,Female,collete.clinnick@g.batstate-u.edu.ph,JD3gwM
381,Smith,Baldry,Male,smith.baldry@g.batstate-u.edu.ph,Mt2ZJ8Vdg
382,Darin,Goddard,Male,darin.goddard@g.batstate-u.edu.ph,yrEFiN4PlbX
383,Bron,Bevington,Male,bron.bevington@g.batstate-u.edu.ph,GgK5JG
384,Rutledge,Moneti,Male,rutledge.moneti@g.batstate-u.edu.ph,MnSVw9p4
385,Gerladina,Balshaw,Female,gerladina.balshaw@g.batstate-u.edu.ph,ocuPYJ5fjQS1
386,Alasdair,Landrick,Male,alasdair.landrick@g.batstate-u.edu.ph,E7pEbMda
387,Yetta,Rabbe,Female,yetta.rabbe@g.batstate-u.edu.ph,YJfv7l
388,Adelheid,Leedes,Female,adelheid.leedes@g.batstate-u.edu.ph,7da4HZL
389,Inigo,Denidge,Male,inigo.denidge@g.batstate-u.edu.ph,UCC580GX2S
390,Niccolo,Fogt,Male,niccolo.fogt@g.batstate-u.edu.ph,mhQL0DDMVxBO
391,Luis,Talman,Male,luis.talman@g.batstate-u.edu.ph,jIyQmSATq
392,Kelbee,Gallop,Male,kelbee.gallop@g.batstate-u.edu.ph,uMaVL8CW
393,Bale,Davis,Male,bale.davis@g.batstate-u.edu.ph,s3EbRuV
394,Leyla,Carty,Female,leyla.carty@g.batstate-u.edu.ph,jkii1Jg
395,Juan,Stuchbery,Male,juan.stuchbery@g.batstate-u.edu.ph,J4a1FCzX
396,Quincey,Moodie,Male,quincey.moodie@g.batstate-u.edu.ph,b91e8BDRtV2g
397,Graehme,Josiah,Male,graehme.josiah@g.batstate-u.edu.ph,brrDI0Ro
398,Kizzie,Riccetti,Female,kizzie.riccetti@g.batstate-u.edu.ph,eDS7FXIhYJ
399,Harold,Perrie,Male,harold.perrie@g.batstate-u.edu.ph,YnkIQpQnMo
400,Chickie,Schruurs,Female,chickie.schruurs@g.batstate-u.edu.ph,jdKErqI1Y
401,Rici,Secker,Female,rici.secker@g.batstate-u.edu.ph,2fTwVbwl
402,Sarina,Harkin,Female,sarina.harkin@g.batstate-u.edu.ph,Dmrtpbd5UO
403,Zared,Btham,Male,zared.btham@g.batstate-u.edu.ph,oRn4eq8Cp
404,Ash,Jalland,Male,ash.jalland@g.batstate-u.edu.ph,qKESBYa1aN8b
405,Hube,Dadge,Male,hube.dadge@g.batstate-u.edu.ph,d6IrLS
406,Benedetta,Petschel,Female,benedetta.petschel@g.batstate-u.edu.ph,qpOWPN1EGT
407,Malinde,Buer,Female,malinde.buer@g.batstate-u.edu.ph,Z4nH5Twaz
408,Teddy,Dayton,Male,teddy.dayton@g.batstate-u.edu.ph,l6KQZdV4
409,Francyne,Callicott,Female,francyne.callicott@g.batstate-u.edu.ph,SkRQAhdMj
410,Cherrita,Ludwikiewicz,Female,cherrita.ludwikiewicz@g.batstate-u.edu.ph,IIeEkk
411,Timothea,Kemet,Female,timothea.kemet@g.batstate-u.edu.ph,iYRLuBD
412,Inez,Middleditch,Female,inez.middleditch@g.batstate-u.edu.ph,k2Upvu726J2d
413,Emmy,Dybell,Male,emmy.dybell@g.batstate-u.edu.ph,Wb8oqcY
414,Linc,Domb,Male,linc.domb@g.batstate-u.edu.ph,LRPb2waKEmh
415,Sascha,Guillart,Male,sascha.guillart@g.batstate-u.edu.ph,hxZmWyG9k3v3
416,Hedwig,Baly,Female,hedwig.baly@g.batstate-u.edu.ph,nNNjjWuiY0T5
417,Web,Scafe,Male,web.scafe@g.batstate-u.edu.ph,YJicxs4zv6NV
418,Dalli,Speir,Male,dalli.speir@g.batstate-u.edu.ph,uvAUq1MZCzw
419,Edyth,Houliston,Female,edyth.houliston@g.batstate-u.edu.ph,NoItA40
420,Rudie,McEntegart,Male,rudie.mcentegart@g.batstate-u.edu.ph,HPHNOM
421,Hillery,Tomney,Male,hillery.tomney@g.batstate-u.edu.ph,iLgi33d
422,Colette,Allibone,Female,colette.allibone@g.batstate-u.edu.ph,4qg3ntxfxsx
423,Gibbie,Jeandin,Male,gibbie.jeandin@g.batstate-u.edu.ph,wK43cjgsZJU
424,Carolann,Verheijden,Female,carolann.verheijden@g.batstate-u.edu.ph,0okNZ9VJQZoP
425,Rodolphe,Thomtson,Male,rodolphe.thomtson@g.batstate-u.edu.ph,A6SyuunG
426,Elaina,Peters,Female,elaina.peters@g.batstate-u.edu.ph,4q2L37
427,Kamillah,Valek,Female,kamillah.valek@g.batstate-u.edu.ph,TymrWujs
428,Corbett,Malter,Male,corbett.malter@g.batstate-u.edu.ph,t3zD2K
429,Shalna,De Coursey,Female,shalna.de coursey@g.batstate-u.edu.ph,oJrySD5
430,Ragnar,Norree,Male,ragnar.norree@g.batstate-u.edu.ph,l5y7fIrsI
431,Claudetta,Nudds,Female,claudetta.nudds@g.batstate-u.edu.ph,dJ1zoLl
432,Dante,Dovydenas,Male,dante.dovydenas@g.batstate-u.edu.ph,BN9WaHvH8mLY
433,Osmund,McVity,Male,osmund.mcvity@g.batstate-u.edu.ph,O7aifRzcRiis
434,Consuelo,Hinners,Female,consuelo.hinners@g.batstate-u.edu.ph,z6YpV1seO6
435,Romonda,Chiswell,Female,romonda.chiswell@g.batstate-u.edu.ph,fWcBCvRRO
436,Cleopatra,Moreno,Female,cleopatra.moreno@g.batstate-u.edu.ph,Dm5Konll
437,Rutherford,Perett,Male,rutherford.perett@g.batstate-u.edu.ph,bKHV2zbZx
438,Tomas,Ricca,Male,tomas.ricca@g.batstate-u.edu.ph,AOLjxz
439,Geraldine,Fahrenbach,Female,geraldine.fahrenbach@g.batstate-u.edu.ph,p6HTVgS3l
440,Arlina,Dunabie,Female,arlina.dunabie@g.batstate-u.edu.ph,KEa9hzC
441,Carlyle,Chilley,Male,carlyle.chilley@g.batstate-u.edu.ph,xT2Lo5bj
442,Avril,Chastand,Female,avril.chastand@g.batstate-u.edu.ph,8fZbe7
443,Vail,Silburn,Male,vail.silburn@g.batstate-u.edu.ph,t0cYKqi5H0YD
444,Roda,Rigard,Female,roda.rigard@g.batstate-u.edu.ph,Zb6sTG
445,Manda,Torrisi,Female,manda.torrisi@g.batstate-u.edu.ph,ZYN7PgJ
446,Glenn,Jacklings,Male,glenn.jacklings@g.batstate-u.edu.ph,PtfosCbMe0FP
447,Ches,Gottschalk,Male,ches.gottschalk@g.batstate-u.edu.ph,dHUlKxQ5y8gD
448,Obie,Blewis,Male,obie.blewis@g.batstate-u.edu.ph,0XFU9bmW
449,Dagny,Dempsey,Male,dagny.dempsey@g.batstate-u.edu.ph,CMwrq7z4tK
450,Marie,Daykin,Female,marie.daykin@g.batstate-u.edu.ph,jcjYzK9wSh
451,Dorian,Le Provost,Female,dorian.le provost@g.batstate-u.edu.ph,pfm691
452,Carling,MacParlan,Male,carling.macparlan@g.batstate-u.edu.ph,Xje7nlWz6tN
453,Cobbie,Klejna,Male,cobbie.klejna@g.batstate-u.edu.ph,cyIU18
454,Caspar,Yeandel,Male,caspar.yeandel@g.batstate-u.edu.ph,d4MiLhsOvi8
455,Panchito,O'Brogane,Male,panchito.o'brogane@g.batstate-u.edu.ph,RQyix3ThjFj
456,Con,Leworthy,Male,con.leworthy@g.batstate-u.edu.ph,Cg7PnT
457,Lennard,Legging,Male,lennard.legging@g.batstate-u.edu.ph,Rpf8Qn2ffW
458,Remus,Renshell,Male,remus.renshell@g.batstate-u.edu.ph,iKSYWUVbU
459,Lev,Burdass,Male,lev.burdass@g.batstate-u.edu.ph,uAYS17g0oCqs
460,Dorian,Ison,Male,dorian.ison@g.batstate-u.edu.ph,QeiSMF5
461,Layne,Negus,Female,layne.negus@g.batstate-u.edu.ph,b5jQFEQ6VM
462,Albrecht,Spenclay,Male,albrecht.spenclay@g.batstate-u.edu.ph,67MoTp8N
463,Pietrek,Meredyth,Male,pietrek.meredyth@g.batstate-u.edu.ph,3T9hWWMp1OF
464,Wolfy,Pirdy,Male,wolfy.pirdy@g.batstate-u.edu.ph,opcLwDLBoC1
465,Graham,Hiseman,Male,graham.hiseman@g.batstate-u.edu.ph,P4H4tzE0wB
466,Perle,Firsby,Female,perle.firsby@g.batstate-u.edu.ph,g9CFxqp
467,Mischa,Bustard,Male,mischa.bustard@g.batstate-u.edu.ph,SfkeOD6xPN
468,Raffarty,Twitching,Male,raffarty.twitching@g.batstate-u.edu.ph,5s8a7ihoO
469,Emma,Azema,Female,emma.azema@g.batstate-u.edu.ph,5MFgBej
470,Chrysler,Alan,Female,chrysler.alan@g.batstate-u.edu.ph,OW4FSW8hXX
471,Albrecht,McGarry,Male,albrecht.mcgarry@g.batstate-u.edu.ph,JzLipzpCA
472,Tuckie,Ivens,Male,tuckie.ivens@g.batstate-u.edu.ph,fGmDw2HE
473,Corri,Viles,Female,corri.viles@g.batstate-u.edu.ph,gPCKJmoS
474,Martica,Timbridge,Female,martica.timbridge@g.batstate-u.edu.ph,DcWcgYi
475,Theo,Walpole,Male,theo.walpole@g.batstate-u.edu.ph,SvBQ6xN4
476,Andriana,Rapsey,Female,andriana.rapsey@g.batstate-u.edu.ph,I8mLhltNw
477,Mil,Ghelardi,Female,mil.ghelardi@g.batstate-u.edu.ph,kA3PAaW0F
478,Brig,Helbeck,Male,brig.helbeck@g.batstate-u.edu.ph,RG3KJc
479,Werner,Orrow,Male,werner.orrow@g.batstate-u.edu.ph,e8cR0H5erMLa
480,Cordie,Tabram,Female,cordie.tabram@g.batstate-u.edu.ph,l5JcAhzybUIv
481,Hunt,Amer,Male,hunt.amer@g.batstate-u.edu.ph,2IA4HiqUz
482,Lacie,Stretton,Female,lacie.stretton@g.batstate-u.edu.ph,SkrrPtNB05
483,Elijah,Morewood,Male,elijah.morewood@g.batstate-u.edu.ph,wyOpp8k
484,Willie,Brechin,Male,willie.brechin@g.batstate-u.edu.ph,7OagYJ
485,Arthur,Kull,Male,arthur.kull@g.batstate-u.edu.ph,5WLZqKKpqFQa
486,Matty,Blackmuir,Male,matty.blackmuir@g.batstate-u.edu.ph,3LdcRs2e
487,Maximilianus,Norrey,Male,maximilianus.norrey@g.batstate-u.edu.ph,GRZmaStwM8
488,Lorant,Luetkemeyer,Male,lorant.luetkemeyer@g.batstate-u.edu.ph,CLmAJR4
489,Vin,Matusovsky,Male,vin.matusovsky@g.batstate-u.edu.ph,WCyThQ7U
490,Nani,Idwal Evans,Female,nani.idwal evans@g.batstate-u.edu.ph,n6PwyY
491,Guillaume,de Amaya,Male,guillaume.de amaya@g.batstate-u.edu.ph,1aD3yl5
492,Vikky,O'Monahan,Female,vikky.o'monahan@g.batstate-u.edu.ph,F5QHmfUeO
493,Konstantin,Foucar,Male,konstantin.foucar@g.batstate-u.edu.ph,MDS0FycsxJ7I
494,Stanly,Prigg,Male,stanly.prigg@g.batstate-u.edu.ph,8yCL2NH9qVGs
495,Ollie,Griffiths,Male,ollie.griffiths@g.batstate-u.edu.ph,l7Tb4e
496,Townsend,Gillooly,Male,townsend.gillooly@g.batstate-u.edu.ph,Z7B523l6fgG
497,Bennett,Joddens,Male,bennett.joddens@g.batstate-u.edu.ph,vWjwwpz
498,Arne,Renish,Male,arne.renish@g.batstate-u.edu.ph,YWjnmQe7L
499,Velma,Aston,Female,velma.aston@g.batstate-u.edu.ph,6qlZNw
500,Claresta,Northing,Female,claresta.northing@g.batstate-u.edu.ph,51FJNu
501,Ula,Castletine,Female,ula.castletine@g.batstate-u.edu.ph,2xzoawex
502,Derward,Cudiff,Male,derward.cudiff@g.batstate-u.edu.ph,NCVnyY
503,Alma,Mereweather,Female,alma.mereweather@g.batstate-u.edu.ph,Rr5bB5inY
504,Frances,Straker,Female,frances.straker@g.batstate-u.edu.ph,WgqfVqgqdqIh
505,Thedrick,Kissick,Male,thedrick.kissick@g.batstate-u.edu.ph,DdwhYnM
506,Tudor,Rickson,Male,tudor.rickson@g.batstate-u.edu.ph,0qqfTgeS
507,Hildagarde,Lemme,Female,hildagarde.lemme@g.batstate-u.edu.ph,nl27IO8il3H
508,Mortie,McBrier,Male,mortie.mcbrier@g.batstate-u.edu.ph,LEUaTRfWk3r2
509,Junina,Buttrey,Female,junina.buttrey@g.batstate-u.edu.ph,tOWDrWwTF5j
510,Cris,Goudge,Male,cris.goudge@g.batstate-u.edu.ph,PKBjHYr5oq
511,Tarrah,Ham,Female,tarrah.ham@g.batstate-u.edu.ph,lKqyXhBRU
512,Ainsley,Hardwicke,Female,ainsley.hardwicke@g.batstate-u.edu.ph,15Z7Sdw
513,Merline,Fetherston,Female,merline.fetherston@g.batstate-u.edu.ph,ZtMXhfFsMh
514,Ramonda,Pennicard,Female,ramonda.pennicard@g.batstate-u.edu.ph,1o5EHaxWSgeD
515,Ernesta,Press,Female,ernesta.press@g.batstate-u.edu.ph,G53UN0Ha
516,Omar,Lougheid,Male,omar.lougheid@g.batstate-u.edu.ph,LqVvsbkPEE
517,Bryanty,Jendrich,Male,bryanty.jendrich@g.batstate-u.edu.ph,V5QyGfLhd6Gp
518,Quincey,Pibworth,Male,quincey.pibworth@g.batstate-u.edu.ph,eQaLhdOrw6xy
519,Say,Volkes,Male,say.volkes@g.batstate-u.edu.ph,xDLfDYMUSb
520,Sheri,Deverall,Female,sheri.deverall@g.batstate-u.edu.ph,VE2kCvc1MGVG
521,Bartel,Gouldie,Male,bartel.gouldie@g.batstate-u.edu.ph,og4DdekPcBs
522,Tersina,Dunkerley,Female,tersina.dunkerley@g.batstate-u.edu.ph,NxUVPDx
523,Micki,Jerrome,Female,micki.jerrome@g.batstate-u.edu.ph,7vuScuIcD8
524,Gearard,Vlasyev,Male,gearard.vlasyev@g.batstate-u.edu.ph,guHx2J5fHt
525,Corey,Cypler,Male,corey.cypler@g.batstate-u.edu.ph,TIAaNbWrgrK
526,George,Carnow,Male,george.carnow@g.batstate-u.edu.ph,wYVDZHhPG
527,Elana,Costanza,Female,elana.costanza@g.batstate-u.edu.ph,Kv6uT2M
528,Dirk,Pomphrey,Male,dirk.pomphrey@g.batstate-u.edu.ph,DzU4oQGkFBu
529,Emile,Windybank,Male,emile.windybank@g.batstate-u.edu.ph,GKvdtPg
530,Daven,Gherardesci,Male,daven.gherardesci@g.batstate-u.edu.ph,UDe9M5eH
531,Selia,Skechley,Female,selia.skechley@g.batstate-u.edu.ph,7KeDhC19
532,Any,Ealden,Male,any.ealden@g.batstate-u.edu.ph,a94H5Keaelp
533,Pattin,Barnhart,Male,pattin.barnhart@g.batstate-u.edu.ph,76wlnDbx2
534,Mick,Housin,Male,mick.housin@g.batstate-u.edu.ph,jyctlUHMOho
535,Ewart,Bramich,Male,ewart.bramich@g.batstate-u.edu.ph,1SfJEL
536,Tibold,Tawton,Male,tibold.tawton@g.batstate-u.edu.ph,FL3BmUUXnBTO
537,Alfredo,Duckitt,Male,alfredo.duckitt@g.batstate-u.edu.ph,kfii76t
538,Samuel,Somerville,Male,samuel.somerville@g.batstate-u.edu.ph,UJw88GT9jcU
539,Wayne,Jaquet,Male,wayne.jaquet@g.batstate-u.edu.ph,xnhsAR
540,Ainsley,Stanbury,Female,ainsley.stanbury@g.batstate-u.edu.ph,HqWJIqPZ
541,Jeffry,Denyukin,Male,jeffry.denyukin@g.batstate-u.edu.ph,1UCDf6
542,Demetris,Greenhalf,Female,demetris.greenhalf@g.batstate-u.edu.ph,xkEbS1jDk
543,Ramsey,Tarbath,Male,ramsey.tarbath@g.batstate-u.edu.ph,hrzjeVoQ
544,Salomi,Hazeldean,Female,salomi.hazeldean@g.batstate-u.edu.ph,hpNW8MW7S6
545,Milly,Blindt,Female,milly.blindt@g.batstate-u.edu.ph,BjyeArrV
546,Zorana,Garmanson,Female,zorana.garmanson@g.batstate-u.edu.ph,53KEUMcJ
547,Sonny,Pollington,Male,sonny.pollington@g.batstate-u.edu.ph,J1ljAWCMKI3c
548,Marybeth,Landre,Female,marybeth.landre@g.batstate-u.edu.ph,R2xQNTB
549,Persis,Dimbleby,Female,persis.dimbleby@g.batstate-u.edu.ph,BCXrb03qNcQ
550,Sandie,Shemelt,Female,sandie.shemelt@g.batstate-u.edu.ph,SdpfWi
551,Dorry,Aberkirder,Female,dorry.aberkirder@g.batstate-u.edu.ph,dsHze9J7lSE
552,Ginny,Jellett,Female,ginny.jellett@g.batstate-u.edu.ph,uLUy13
553,Tybi,Skottle,Female,tybi.skottle@g.batstate-u.edu.ph,jHKRhMOEG
554,Constantine,Borrows,Male,constantine.borrows@g.batstate-u.edu.ph,IedPUKP
555,Genni,Clunan,Female,genni.clunan@g.batstate-u.edu.ph,WUATL5V0UIs
556,Aviva,Winser,Female,aviva.winser@g.batstate-u.edu.ph,aT8Hdj5l
557,Sinclair,Godehard.sf,Male,sinclair.godehard.sf@g.batstate-u.edu.ph,BX5LZf
558,Hinze,Conant,Male,hinze.conant@g.batstate-u.edu.ph,4jbpqFkp
559,Gray,Havik,Female,gray.havik@g.batstate-u.edu.ph,g6Zj4byG
560,Gladi,Cess,Female,gladi.cess@g.batstate-u.edu.ph,M8LkW1UMTV
561,Rock,Boag,Male,rock.boag@g.batstate-u.edu.ph,VDAvbnv
562,Derby,Dablin,Male,derby.dablin@g.batstate-u.edu.ph,TeRgPfWl
563,Jeffry,Thowless,Male,jeffry.thowless@g.batstate-u.edu.ph,iK1IsA9iOUo
564,Dare,Moffett,Male,dare.moffett@g.batstate-u.edu.ph,zB5zcizQm
565,Jermain,Davidson,Male,jermain.davidson@g.batstate-u.edu.ph,FeoqY6X
566,Valina,Rolfini,Female,valina.rolfini@g.batstate-u.edu.ph,uk652VLX
567,Thayne,Hrinishin,Male,thayne.hrinishin@g.batstate-u.edu.ph,6upjZr
568,Aldrich,Reuter,Male,aldrich.reuter@g.batstate-u.edu.ph,hsT4Eg
569,Tiebout,Wear,Male,tiebout.wear@g.batstate-u.edu.ph,xXqk3Ff
570,Helen,Burbank,Female,helen.burbank@g.batstate-u.edu.ph,SwDI8R
571,Dillon,Guyot,Male,dillon.guyot@g.batstate-u.edu.ph,ewQ5By2bWdk
572,Yancy,Yurenev,Male,yancy.yurenev@g.batstate-u.edu.ph,7abVUmgJ3CZ
573,Serena,Tibb,Female,serena.tibb@g.batstate-u.edu.ph,UEpwDv
574,Heall,Garza,Male,heall.garza@g.batstate-u.edu.ph,a5zjWalcs
575,Alastair,Antonellini,Male,alastair.antonellini@g.batstate-u.edu.ph,VTxdMVwNSZ
576,Dollie,Galvan,Female,dollie.galvan@g.batstate-u.edu.ph,xivhLeWq
577,Courtenay,Hanway,Female,courtenay.hanway@g.batstate-u.edu.ph,MEoKPqM
578,Vanda,Lidington,Female,vanda.lidington@g.batstate-u.edu.ph,kkSGtG7sTT
579,Martelle,Rattrie,Female,martelle.rattrie@g.batstate-u.edu.ph,uNqiDjp3a
580,Taite,Litt,Male,taite.litt@g.batstate-u.edu.ph,hV1j3zMwej
581,Paton,Rapp,Male,paton.rapp@g.batstate-u.edu.ph,9QhjjGOTzuHP
582,Rudiger,Greenough,Male,rudiger.greenough@g.batstate-u.edu.ph,ziGaKd0
583,Jerry,Camble,Female,jerry.camble@g.batstate-u.edu.ph,4WXpON74b
584,Kaitlynn,Caldicott,Female,kaitlynn.caldicott@g.batstate-u.edu.ph,257tFLuF9NN
585,Pearl,Ludl,Female,pearl.ludl@g.batstate-u.edu.ph,kLHDi261l
586,Millisent,Kite,Female,millisent.kite@g.batstate-u.edu.ph,4RtAumb
587,Bernarr,Cromly,Male,bernarr.cromly@g.batstate-u.edu.ph,cqOdBEKg1HS
588,Kinsley,Style,Male,kinsley.style@g.batstate-u.edu.ph,k2WtZJv5ku
589,Sheff,Tzarkov,Male,sheff.tzarkov@g.batstate-u.edu.ph,wlgYFudHixR6
590,Ivy,Sterman,Female,ivy.sterman@g.batstate-u.edu.ph,atlz5As1u
591,Phillipp,Buckell,Male,phillipp.buckell@g.batstate-u.edu.ph,ftm6E7
592,Tybalt,Etherton,Male,tybalt.etherton@g.batstate-u.edu.ph,EAMboj
593,Charlton,Rock,Male,charlton.rock@g.batstate-u.edu.ph,6zf1T4hju83b
594,Cybill,Ciepluch,Female,cybill.ciepluch@g.batstate-u.edu.ph,9XtsVVB
595,Urban,Durbin,Male,urban.durbin@g.batstate-u.edu.ph,v5PUNTsK
596,Felic,Magwood,Male,felic.magwood@g.batstate-u.edu.ph,QpH9XQJ
597,Rockwell,Trowsdall,Male,rockwell.trowsdall@g.batstate-u.edu.ph,SJexx1CuTas
598,Alan,Rushforth,Male,alan.rushforth@g.batstate-u.edu.ph,RkrtrS8L
599,Elton,Corby,Male,elton.corby@g.batstate-u.edu.ph,qwDkp2sFLl
600,Carleen,Osmint,Female,carleen.osmint@g.batstate-u.edu.ph,J14ae68BCXkE
601,Gilbert,Farherty,Male,gilbert.farherty@g.batstate-u.edu.ph,LDFi8137I3
602,Etienne,Weare,Male,etienne.weare@g.batstate-u.edu.ph,Ly2yAU
603,Finn,Lumox,Male,finn.lumox@g.batstate-u.edu.ph,9KMfSWvKpIn
604,Cassandra,Sperwell,Female,cassandra.sperwell@g.batstate-u.edu.ph,2QmgtHA
605,Mirabel,Plevey,Female,mirabel.plevey@g.batstate-u.edu.ph,WLmJA6Px2H
606,Perri,Loody,Female,perri.loody@g.batstate-u.edu.ph,fJj1P37ZDTIg
607,Ricki,Valadez,Male,ricki.valadez@g.batstate-u.edu.ph,vNjqhuP
608,Malva,Wodeland,Female,malva.wodeland@g.batstate-u.edu.ph,xEI0s0JGToV
609,Patrick,Lenchenko,Male,patrick.lenchenko@g.batstate-u.edu.ph,VBx6FMTZQT
610,Cariotta,Narrie,Female,cariotta.narrie@g.batstate-u.edu.ph,NETlfegTeV
611,Nealon,Chatan,Male,nealon.chatan@g.batstate-u.edu.ph,oPEILFfOE
612,Betsey,Lube,Female,betsey.lube@g.batstate-u.edu.ph,e4IwXAQt
613,Kerry,Fruin,Female,kerry.fruin@g.batstate-u.edu.ph,SDrY3ARF7
614,Meagan,Byles,Female,meagan.byles@g.batstate-u.edu.ph,pnC2PjKR
615,Cullin,Jolliss,Male,cullin.jolliss@g.batstate-u.edu.ph,WlbrtjN
616,Fidole,Harrowell,Male,fidole.harrowell@g.batstate-u.edu.ph,Vpi3MEY3Y3
617,Isak,Waterland,Male,isak.waterland@g.batstate-u.edu.ph,CSNxP0uphYR
618,Birgitta,Wittey,Female,birgitta.wittey@g.batstate-u.edu.ph,tb99jjuLa
619,Portia,Soars,Female,portia.soars@g.batstate-u.edu.ph,GADstaT423yp
620,Viki,Style,Female,viki.style@g.batstate-u.edu.ph,dYCzZRR
621,Ursula,Teanby,Female,ursula.teanby@g.batstate-u.edu.ph,K1i5G0q
622,Gwenore,Keyzman,Female,gwenore.keyzman@g.batstate-u.edu.ph,9IPQ4VR
623,Edouard,Kirke,Male,edouard.kirke@g.batstate-u.edu.ph,notcQV
624,Shaw,Durie,Male,shaw.durie@g.batstate-u.edu.ph,69fGRAlb7e
625,Eolande,Iianon,Female,eolande.iianon@g.batstate-u.edu.ph,fYHIvjACoZEv
626,Nicole,Trott,Female,nicole.trott@g.batstate-u.edu.ph,2RZPfQ2G
627,Lin,Strond,Male,lin.strond@g.batstate-u.edu.ph,AwGq7zte
628,Corbet,Pauer,Male,corbet.pauer@g.batstate-u.edu.ph,cg0MZz
629,Rickie,Klimschak,Male,rickie.klimschak@g.batstate-u.edu.ph,owaJxuQW7RUa
630,Levon,Mancell,Male,levon.mancell@g.batstate-u.edu.ph,8ZCVJqKh6
631,Georgy,Downgate,Male,georgy.downgate@g.batstate-u.edu.ph,vzR9pNgm3B
632,Rinaldo,Larose,Male,rinaldo.larose@g.batstate-u.edu.ph,tynCGXE
633,Deina,Elsbury,Female,deina.elsbury@g.batstate-u.edu.ph,FLlUMI7B
634,Courtnay,Dyka,Male,courtnay.dyka@g.batstate-u.edu.ph,UIzzgkTH1
635,Darwin,Biddlestone,Male,darwin.biddlestone@g.batstate-u.edu.ph,TQkupxvHJi
636,Herbie,Atwood,Male,herbie.atwood@g.batstate-u.edu.ph,LUewdM8cN1k7
637,Jayme,Petras,Male,jayme.petras@g.batstate-u.edu.ph,cNYSl8h
638,Katalin,Crew,Female,katalin.crew@g.batstate-u.edu.ph,CnCjNJcibGec
639,Annetta,Krause,Female,annetta.krause@g.batstate-u.edu.ph,5NWk29S
640,Brittney,Bulter,Female,brittney.bulter@g.batstate-u.edu.ph,4tUTVRxb
641,Lorry,Cramond,Female,lorry.cramond@g.batstate-u.edu.ph,wsoiCo6qVh
642,Marcus,Furzey,Male,marcus.furzey@g.batstate-u.edu.ph,xdcTAb
643,Howey,Szantho,Male,howey.szantho@g.batstate-u.edu.ph,WUyyWt
644,Bondy,MacGrath,Male,bondy.macgrath@g.batstate-u.edu.ph,EV7hXTjbc7bl
645,Bernadene,Messitt,Female,bernadene.messitt@g.batstate-u.edu.ph,xNFjA5qaoOFu
646,Danna,Gypson,Female,danna.gypson@g.batstate-u.edu.ph,ybbbEsVNASgd
647,Skipper,Akerman,Male,skipper.akerman@g.batstate-u.edu.ph,FZSfNfsNEux
648,Broddie,Formie,Male,broddie.formie@g.batstate-u.edu.ph,iIS4CFjF7b
649,Jobie,Veevers,Female,jobie.veevers@g.batstate-u.edu.ph,SuJQ6FeE6
650,Wadsworth,Castanares,Male,wadsworth.castanares@g.batstate-u.edu.ph,wIeLhig
651,Nikolaos,Redding,Male,nikolaos.redding@g.batstate-u.edu.ph,ngmvLTy3HBw
652,Silvio,Glanz,Male,silvio.glanz@g.batstate-u.edu.ph,QPxueMH9Rw1
653,Ambrosio,Wharlton,Male,ambrosio.wharlton@g.batstate-u.edu.ph,09MMER3YCdsE
654,Kimball,Timeby,Male,kimball.timeby@g.batstate-u.edu.ph,iLBp8zrFjG8
655,Yolande,McCandie,Female,yolande.mccandie@g.batstate-u.edu.ph,dbGb8n3j6
656,Vanny,O' Neligan,Female,vanny.o' neligan@g.batstate-u.edu.ph,cwUFZEL2
657,Starr,Gulliver,Female,starr.gulliver@g.batstate-u.edu.ph,qAdaDKj
658,Conrad,Le Fevre,Male,conrad.le fevre@g.batstate-u.edu.ph,VMRFkb
659,Sven,Skyner,Male,sven.skyner@g.batstate-u.edu.ph,n9F7I1FC9toA
660,Calvin,Blatchford,Male,calvin.blatchford@g.batstate-u.edu.ph,LKgUFz6R
661,Delmer,Cleugh,Male,delmer.cleugh@g.batstate-u.edu.ph,50uSX5cQHQG
662,Anderson,Dobie,Male,anderson.dobie@g.batstate-u.edu.ph,s2nJI8da1TPw
663,Roldan,Phant,Male,roldan.phant@g.batstate-u.edu.ph,uk6yt3fHX5
664,Jenna,Dudmarsh,Female,jenna.dudmarsh@g.batstate-u.edu.ph,GmCzS342wtM8
665,Nita,Weadick,Female,nita.weadick@g.batstate-u.edu.ph,8dKRsyCA17jX
666,Deanna,Henighan,Female,deanna.henighan@g.batstate-u.edu.ph,pRl4bmKu6
667,Betteanne,Allcock,Female,betteanne.allcock@g.batstate-u.edu.ph,l4tXrSD
668,Ciel,Weall,Female,ciel.weall@g.batstate-u.edu.ph,14beyl5k4dQe
669,Vaughan,Yitzhakov,Male,vaughan.yitzhakov@g.batstate-u.edu.ph,i0UU5iS
670,Irina,Beakes,Female,irina.beakes@g.batstate-u.edu.ph,ohIp7HoeAqAb
671,Issiah,Gidney,Male,issiah.gidney@g.batstate-u.edu.ph,hTA4OyeAcb
672,Jamima,Lacer,Female,jamima.lacer@g.batstate-u.edu.ph,s3gm56
673,Annadiana,Drioli,Female,annadiana.drioli@g.batstate-u.edu.ph,YoBgi5NNeUa
674,Sosanna,McNirlan,Female,sosanna.mcnirlan@g.batstate-u.edu.ph,25dMZlB7
675,Alecia,Posselow,Female,alecia.posselow@g.batstate-u.edu.ph,wcpRegbyB
676,Brooks,Shadbolt,Male,brooks.shadbolt@g.batstate-u.edu.ph,WPtx5dmbG
677,Clea,Skerm,Female,clea.skerm@g.batstate-u.edu.ph,YkOkzRAOvQZ
678,Kendal,Gowrich,Male,kendal.gowrich@g.batstate-u.edu.ph,MS4fgAHEQo
679,Orbadiah,Rickerd,Male,orbadiah.rickerd@g.batstate-u.edu.ph,ufH2NVltcy
680,Darius,Boissier,Male,darius.boissier@g.batstate-u.edu.ph,gbjhCueNw90
681,Jobi,Dullaghan,Female,jobi.dullaghan@g.batstate-u.edu.ph,68Or9JWh
682,Kerry,Murty,Male,kerry.murty@g.batstate-u.edu.ph,207DsFxYUql
683,Evin,Bundey,Male,evin.bundey@g.batstate-u.edu.ph,mTTUf9c7
684,Robbin,Siaspinski,Female,robbin.siaspinski@g.batstate-u.edu.ph,x05SAnxCM3r
685,Lusa,Rochewell,Female,lusa.rochewell@g.batstate-u.edu.ph,UqO7NI
686,Dulce,Ottley,Female,dulce.ottley@g.batstate-u.edu.ph,slvqXImhw
687,Jasun,Joan,Male,jasun.joan@g.batstate-u.edu.ph,eI6tjJN7W
688,Virginia,Wheelwright,Female,virginia.wheelwright@g.batstate-u.edu.ph,z5dZfZv
689,Cosmo,Clement,Male,cosmo.clement@g.batstate-u.edu.ph,tKWptyhS8Y
690,Fremont,Isacq,Male,fremont.isacq@g.batstate-u.edu.ph,caxOoo
691,Giffard,Wenban,Male,giffard.wenban@g.batstate-u.edu.ph,VDrpik767
692,Nick,McKeand,Male,nick.mckeand@g.batstate-u.edu.ph,fnt6Hash
693,Kathi,Maun,Female,kathi.maun@g.batstate-u.edu.ph,ivJsavmeg
694,Patricia,Mityashev,Female,patricia.mityashev@g.batstate-u.edu.ph,qhwvzerk2X
695,Niels,Krzyzaniak,Male,niels.krzyzaniak@g.batstate-u.edu.ph,jd04AM
696,Sebastiano,Newbold,Male,sebastiano.newbold@g.batstate-u.edu.ph,MLO38xe
697,Ursa,McConaghy,Female,ursa.mcconaghy@g.batstate-u.edu.ph,vta7C34
698,Fletcher,Rickets,Male,fletcher.rickets@g.batstate-u.edu.ph,6rFTPwTYiFXW
699,Louisa,Di Bartolommeo,Female,louisa.di bartolommeo@g.batstate-u.edu.ph,zSBK3bWr
700,Lowe,Greenrod,Male,lowe.greenrod@g.batstate-u.edu.ph,bl1n6hG9
701,Joshia,Bownd,Male,joshia.bownd@g.batstate-u.edu.ph,X15GQmk8
702,Chrisy,Gretham,Male,chrisy.gretham@g.batstate-u.edu.ph,948DYqw
703,Garnette,Croot,Female,garnette.croot@g.batstate-u.edu.ph,tJ5FXuRC
704,Vick,Benedito,Male,vick.benedito@g.batstate-u.edu.ph,4iFyafj9SbDY
705,Odelia,Enevoldsen,Female,odelia.enevoldsen@g.batstate-u.edu.ph,pbJo8qPnA
706,Bertie,Latimer,Male,bertie.latimer@g.batstate-u.edu.ph,4Mhet5
707,Joseph,Beverstock,Male,joseph.beverstock@g.batstate-u.edu.ph,Hh1NDS
708,Josias,Halversen,Male,josias.halversen@g.batstate-u.edu.ph,1ysDblM8Z
709,Concettina,Warham,Female,concettina.warham@g.batstate-u.edu.ph,9ekuE3UCGV
710,Tallie,Brecken,Female,tallie.brecken@g.batstate-u.edu.ph,PeypS9
711,Monte,McMeyler,Male,monte.mcmeyler@g.batstate-u.edu.ph,V1SFUu531
712,Willi,Tonna,Male,willi.tonna@g.batstate-u.edu.ph,HYiScsb8b5Cm
713,Alexina,Gair,Female,alexina.gair@g.batstate-u.edu.ph,v9ZTRFsXp4h
714,Clemmy,Kaas,Male,clemmy.kaas@g.batstate-u.edu.ph,SgBczJvc
715,Freddie,Karlik,Male,freddie.karlik@g.batstate-u.edu.ph,qc99674yD14
716,Briggs,Kynman,Male,briggs.kynman@g.batstate-u.edu.ph,N8aLpocB
717,Saunders,Filipputti,Male,saunders.filipputti@g.batstate-u.edu.ph,PDXczEAbBVK
718,Hercule,Lukas,Male,hercule.lukas@g.batstate-u.edu.ph,QRE53FOHZ
719,Umberto,Coburn,Male,umberto.coburn@g.batstate-u.edu.ph,U2rCmsr
720,Morgana,Cookney,Female,morgana.cookney@g.batstate-u.edu.ph,Vq0ilkE
721,Georgie,Goodswen,Male,georgie.goodswen@g.batstate-u.edu.ph,SXnflPCseODI
722,Parsifal,Iacovaccio,Male,parsifal.iacovaccio@g.batstate-u.edu.ph,8lhxJ6
723,Monroe,Wilne,Male,monroe.wilne@g.batstate-u.edu.ph,dwtR5Kys
724,Kahlil,Snoding,Male,kahlil.snoding@g.batstate-u.edu.ph,rn4Wjx8GJTv
725,Tabb,Kitchingman,Male,tabb.kitchingman@g.batstate-u.edu.ph,cZzZWNGN01w
726,Elton,Galvin,Male,elton.galvin@g.batstate-u.edu.ph,tXbx8fUIkW
727,Sascha,Heathcoat,Male,sascha.heathcoat@g.batstate-u.edu.ph,GqXPNnxnw
728,Melesa,Habeshaw,Female,melesa.habeshaw@g.batstate-u.edu.ph,11fxjTh
729,Kristoforo,Leas,Male,kristoforo.leas@g.batstate-u.edu.ph,LY5bBClzDr
730,Salim,Dickerline,Male,salim.dickerline@g.batstate-u.edu.ph,fzQv4gca
731,Cchaddie,Wasteney,Male,cchaddie.wasteney@g.batstate-u.edu.ph,qrPUgC
732,Cyrille,Barehead,Male,cyrille.barehead@g.batstate-u.edu.ph,tKA6hCs3O5mD
733,Faun,Farrant,Female,faun.farrant@g.batstate-u.edu.ph,mhGBBoVFXpXm
734,Charlot,Bytheway,Female,charlot.bytheway@g.batstate-u.edu.ph,pFF381
735,Josiah,Glynn,Male,josiah.glynn@g.batstate-u.edu.ph,bDPGmw6
736,Englebert,Dagworthy,Male,englebert.dagworthy@g.batstate-u.edu.ph,lwg7htmIKLD
737,Trixi,Goroni,Female,trixi.goroni@g.batstate-u.edu.ph,9uZsEuTRSXV
738,Isiahi,Eastwood,Male,isiahi.eastwood@g.batstate-u.edu.ph,OuA6TtJ9mNb
739,Micheil,Luther,Male,micheil.luther@g.batstate-u.edu.ph,SiHSrjASeyQ
740,Melitta,Uttridge,Female,melitta.uttridge@g.batstate-u.edu.ph,uysw13Sddl4L
741,Bidget,Totterdell,Female,bidget.totterdell@g.batstate-u.edu.ph,69lNcVJ
742,Candice,Rheaume,Female,candice.rheaume@g.batstate-u.edu.ph,kNPUDG
743,Jane,Revelle,Female,jane.revelle@g.batstate-u.edu.ph,GmhoQjiL
744,Bondie,Schimoni,Male,bondie.schimoni@g.batstate-u.edu.ph,Rfhe5XBDXaK8
745,Dov,Monson,Male,dov.monson@g.batstate-u.edu.ph,GpoRnQ9sV
746,Anetta,Gambie,Female,anetta.gambie@g.batstate-u.edu.ph,bATQM8M56TR
747,Rutherford,Widdicombe,Male,rutherford.widdicombe@g.batstate-u.edu.ph,ZnaSLWvomaSM
748,Sophi,Keyme,Female,sophi.keyme@g.batstate-u.edu.ph,HDiGou
749,Dacy,Patron,Female,dacy.patron@g.batstate-u.edu.ph,WkhjHg
750,Frankie,Roark,Male,frankie.roark@g.batstate-u.edu.ph,aap0KKZxZDb
751,Christiana,Brecknall,Female,christiana.brecknall@g.batstate-u.edu.ph,Exu5WEeh8F
752,Hannah,Inskipp,Female,hannah.inskipp@g.batstate-u.edu.ph,cZo8F8
753,Gerrard,Righy,Male,gerrard.righy@g.batstate-u.edu.ph,8xjt5Q7IUgRX
754,Peggi,Akam,Female,peggi.akam@g.batstate-u.edu.ph,mZfTzVkfZhAk
755,Frederica,Bryant,Female,frederica.bryant@g.batstate-u.edu.ph,X4k1HaHLI2b
756,Marion,Huyghe,Female,marion.huyghe@g.batstate-u.edu.ph,OxqQ3aV
757,Rosemaria,Cantera,Female,rosemaria.cantera@g.batstate-u.edu.ph,X2KUxB
758,Linnea,Turneux,Female,linnea.turneux@g.batstate-u.edu.ph,qIv0k9W
759,Oralie,Stanfield,Female,oralie.stanfield@g.batstate-u.edu.ph,G9x3eK0bcRQ4
760,Worthy,Loffill,Male,worthy.loffill@g.batstate-u.edu.ph,6vvA5ezuo
761,Jacques,Wharrier,Male,jacques.wharrier@g.batstate-u.edu.ph,TCHDFdR1Xa
762,Tad,Leeburne,Male,tad.leeburne@g.batstate-u.edu.ph,MmOL8xggM
763,Ariella,Tollerfield,Female,ariella.tollerfield@g.batstate-u.edu.ph,gUnSTxw86dfJ
764,Amalea,Lowder,Female,amalea.lowder@g.batstate-u.edu.ph,73S7iRKby
765,Hymie,Crass,Male,hymie.crass@g.batstate-u.edu.ph,56NECeFE
766,Barbabas,Lghan,Male,barbabas.lghan@g.batstate-u.edu.ph,GABLVCDvum
767,Darcy,Golby,Male,darcy.golby@g.batstate-u.edu.ph,V1nvYz
768,Bran,Macvey,Male,bran.macvey@g.batstate-u.edu.ph,voeIsBkdyHB2
769,Wyatt,Rushbury,Male,wyatt.rushbury@g.batstate-u.edu.ph,A1qiv1ga
770,Zonnya,Desport,Female,zonnya.desport@g.batstate-u.edu.ph,IZVEOriV6P
771,Tony,Upchurch,Male,tony.upchurch@g.batstate-u.edu.ph,A1aZJLXLc1
772,Sheffy,Manjin,Male,sheffy.manjin@g.batstate-u.edu.ph,q0sJpe
773,Emanuel,Renoden,Male,emanuel.renoden@g.batstate-u.edu.ph,Y7hZMr
774,Shelly,Paver,Female,shelly.paver@g.batstate-u.edu.ph,NyPO6rW3
775,Virgilio,Groveham,Male,virgilio.groveham@g.batstate-u.edu.ph,J7ElOCjRph
776,Franky,Griffen,Female,franky.griffen@g.batstate-u.edu.ph,FUKzy7Q
777,Gregory,Standing,Male,gregory.standing@g.batstate-u.edu.ph,dxMnkjE3K1
778,Jermaine,Gormley,Male,jermaine.gormley@g.batstate-u.edu.ph,mkF5zJ
779,Dehlia,Moughton,Female,dehlia.moughton@g.batstate-u.edu.ph,kFTihZ
780,Lynea,Hellikes,Female,lynea.hellikes@g.batstate-u.edu.ph,WBzL4k
781,Frieda,Cotes,Female,frieda.cotes@g.batstate-u.edu.ph,2AvU3lgBEC
782,Minnnie,Patching,Female,minnnie.patching@g.batstate-u.edu.ph,kepUjrM9
783,Anet,Casetta,Female,anet.casetta@g.batstate-u.edu.ph,VpBeMfUJ
784,Andrei,Bastin,Female,andrei.bastin@g.batstate-u.edu.ph,hTevYbCyM4V
785,Tamera,Farnan,Female,tamera.farnan@g.batstate-u.edu.ph,QVq6Iri
786,Whitaker,Ivkovic,Male,whitaker.ivkovic@g.batstate-u.edu.ph,6JrlrWtZ
787,Maximilianus,Trevena,Male,maximilianus.trevena@g.batstate-u.edu.ph,RhRzhEZBbc
788,Edmund,Ruggieri,Male,edmund.ruggieri@g.batstate-u.edu.ph,d8r2B7G
789,Aubrey,Raddish,Male,aubrey.raddish@g.batstate-u.edu.ph,m4e3gXIwFm
790,Remus,Tedder,Male,remus.tedder@g.batstate-u.edu.ph,KIc4kphBG0v
791,Sephira,Davydzenko,Female,sephira.davydzenko@g.batstate-u.edu.ph,35emzdm
792,Linn,Simonnin,Male,linn.simonnin@g.batstate-u.edu.ph,Dg9yovb
793,Franky,Splevings,Male,franky.splevings@g.batstate-u.edu.ph,jLXc3WG
794,Vanessa,Lerwell,Female,vanessa.lerwell@g.batstate-u.edu.ph,UYOOO1a0wy
795,Cassey,Wharmby,Female,cassey.wharmby@g.batstate-u.edu.ph,ok1yzX4nTC
796,Freida,Dunsmore,Female,freida.dunsmore@g.batstate-u.edu.ph,1E9NsyT
797,Lutero,Flohard,Male,lutero.flohard@g.batstate-u.edu.ph,oJ5r22MPvqb
798,Conny,Bento,Male,conny.bento@g.batstate-u.edu.ph,9NTEquw8YMc
799,Shaun,Gerard,Female,shaun.gerard@g.batstate-u.edu.ph,CTTirKHqX93
800,Correy,Teas,Male,correy.teas@g.batstate-u.edu.ph,CXT0t5
801,Parsifal,Beckerleg,Male,parsifal.beckerleg@g.batstate-u.edu.ph,uIEKj6aqh
802,Haily,Papachristophorou,Male,haily.papachristophorou@g.batstate-u.edu.ph,R62ft0yrk
803,Fidela,Leadstone,Female,fidela.leadstone@g.batstate-u.edu.ph,ryZNEb3z5
804,Ardella,Giggs,Female,ardella.giggs@g.batstate-u.edu.ph,jyetMJ9laI
805,Bird,Reggler,Female,bird.reggler@g.batstate-u.edu.ph,OS4Zrwi
806,Jose,Litzmann,Male,jose.litzmann@g.batstate-u.edu.ph,eW92HhlVd
807,Ethelred,Pigott,Male,ethelred.pigott@g.batstate-u.edu.ph,1Jfw1w4qCj
808,Tommy,Siggery,Female,tommy.siggery@g.batstate-u.edu.ph,A8Blgduh
809,Keir,Yosevitz,Male,keir.yosevitz@g.batstate-u.edu.ph,XqPE63iCTEB
810,Myrah,Emlyn,Female,myrah.emlyn@g.batstate-u.edu.ph,Fx6bb36LB
811,Katti,Newland,Female,katti.newland@g.batstate-u.edu.ph,nE0Nag
812,Lona,Fawlo,Female,lona.fawlo@g.batstate-u.edu.ph,uFAUq25o3J3
813,Nicolas,Emanuele,Male,nicolas.emanuele@g.batstate-u.edu.ph,nsRSS8
814,Cami,Ubach,Female,cami.ubach@g.batstate-u.edu.ph,mzrHQ2uT
815,Rowan,D'Hooghe,Male,rowan.d'hooghe@g.batstate-u.edu.ph,2vFasJwsRD5d
816,Vivianna,Newcom,Female,vivianna.newcom@g.batstate-u.edu.ph,ElCGJ09e
817,Marieann,Muirhead,Female,marieann.muirhead@g.batstate-u.edu.ph,Kv6eH6K0QEuP
818,Gustaf,Crafts,Male,gustaf.crafts@g.batstate-u.edu.ph,JJ7DnQkWs
819,Debee,Newall,Female,debee.newall@g.batstate-u.edu.ph,NEIErcphcgbC
820,Sawyere,Wetherell,Male,sawyere.wetherell@g.batstate-u.edu.ph,ZKyIRtydn
821,Terrell,Furniss,Male,terrell.furniss@g.batstate-u.edu.ph,gA1NCBUw
822,Allsun,Hancill,Female,allsun.hancill@g.batstate-u.edu.ph,jqdEMgjWQbg
823,Cob,Ascough,Male,cob.ascough@g.batstate-u.edu.ph,JbLXjFGLfl
824,Gilles,Surmeyer,Male,gilles.surmeyer@g.batstate-u.edu.ph,jY7ZBe
825,Twyla,Magrannell,Female,twyla.magrannell@g.batstate-u.edu.ph,s8Uf9bGnB
826,Lamont,Josephoff,Male,lamont.josephoff@g.batstate-u.edu.ph,bHGrTj
827,Susy,Orbell,Female,susy.orbell@g.batstate-u.edu.ph,RE07Ox1d
828,Durand,Sincock,Male,durand.sincock@g.batstate-u.edu.ph,ybHrjEsV5KHA
829,Allegra,Jerger,Female,allegra.jerger@g.batstate-u.edu.ph,avpemeDID
830,Jorie,Goodspeed,Female,jorie.goodspeed@g.batstate-u.edu.ph,cLl8Gvjd
831,Andee,Brisley,Female,andee.brisley@g.batstate-u.edu.ph,Nt6Gj3I
832,Goldie,Starsmore,Female,goldie.starsmore@g.batstate-u.edu.ph,6WsDytX
833,Evania,Bradnum,Female,evania.bradnum@g.batstate-u.edu.ph,4gu9YL
834,Gil,Julien,Male,gil.julien@g.batstate-u.edu.ph,Bz0Ojt8izEDu
835,Constantia,Dakers,Female,constantia.dakers@g.batstate-u.edu.ph,iHCw6EfL
836,Fabio,Warke,Male,fabio.warke@g.batstate-u.edu.ph,J8Rvxd
837,Titos,Vedekhin,Male,titos.vedekhin@g.batstate-u.edu.ph,EbuvJLZXScZp
838,Ardeen,Boulter,Female,ardeen.boulter@g.batstate-u.edu.ph,IxUHy9NNYGL
839,Willow,Ormerod,Female,willow.ormerod@g.batstate-u.edu.ph,FOMNiWUiE7
840,Ulises,Raisher,Male,ulises.raisher@g.batstate-u.edu.ph,VSL2cZ4VqJ9
841,Shayne,Hartfield,Female,shayne.hartfield@g.batstate-u.edu.ph,cMRbwmb
842,Ewan,Sivil,Male,ewan.sivil@g.batstate-u.edu.ph,9jyDC4j5L7
843,Winona,Hof,Female,winona.hof@g.batstate-u.edu.ph,ic2YRBj
844,Ingelbert,Munnion,Male,ingelbert.munnion@g.batstate-u.edu.ph,1ZZEt5LZLvg
845,Kath,Holliar,Female,kath.holliar@g.batstate-u.edu.ph,xxCURS
846,Alana,Gras,Female,alana.gras@g.batstate-u.edu.ph,lhAIqw0
847,Trevar,Clitheroe,Male,trevar.clitheroe@g.batstate-u.edu.ph,XSHq3KFn
848,Correna,McGoogan,Female,correna.mcgoogan@g.batstate-u.edu.ph,Iqx48us
849,Brear,Kunkler,Female,brear.kunkler@g.batstate-u.edu.ph,HJ8iQnV1lb4
850,Cyb,Billitteri,Female,cyb.billitteri@g.batstate-u.edu.ph,oMyvMy31y
851,Nert,Alvares,Female,nert.alvares@g.batstate-u.edu.ph,H5LprsusvS
852,Woodie,Moorrud,Male,woodie.moorrud@g.batstate-u.edu.ph,Eh9uTRWFo1
853,Brittani,Batson,Female,brittani.batson@g.batstate-u.edu.ph,FpNMgj
854,Shina,Jerzyk,Female,shina.jerzyk@g.batstate-u.edu.ph,UnHdQ5
855,Jordon,Oles,Male,jordon.oles@g.batstate-u.edu.ph,ur5cVP
856,Rozella,Whelband,Female,rozella.whelband@g.batstate-u.edu.ph,DLg1y8T
857,Rayner,Dimmick,Male,rayner.dimmick@g.batstate-u.edu.ph,zLMK0caZFq
858,Silvester,McCarrell,Male,silvester.mccarrell@g.batstate-u.edu.ph,GbUlk32xPQSD
859,Gard,Ruppel,Male,gard.ruppel@g.batstate-u.edu.ph,lD2LYx8
860,Steve,Lowth,Male,steve.lowth@g.batstate-u.edu.ph,yjodwsKEl
861,Leshia,Gannicleff,Female,leshia.gannicleff@g.batstate-u.edu.ph,5O1U1ZEB2TdE
862,Coralyn,Czajkowski,Female,coralyn.czajkowski@g.batstate-u.edu.ph,WtfuXn6Uxw
863,Jason,Vasyukhnov,Male,jason.vasyukhnov@g.batstate-u.edu.ph,TxEMM1
864,Erastus,Milleton,Male,erastus.milleton@g.batstate-u.edu.ph,cwe7Z0H7E
865,Martainn,Sarfati,Male,martainn.sarfati@g.batstate-u.edu.ph,3p01EhMHo
866,Waylan,Lindenman,Male,waylan.lindenman@g.batstate-u.edu.ph,o5FYmr8Jgj7
867,Dolli,Duckfield,Female,dolli.duckfield@g.batstate-u.edu.ph,qPGyOXUs8jU
868,Gage,Procter,Male,gage.procter@g.batstate-u.edu.ph,THbNX7
869,Kip,Okenden,Female,kip.okenden@g.batstate-u.edu.ph,59GGf4
870,Marna,Grimstead,Female,marna.grimstead@g.batstate-u.edu.ph,92gs88f
871,Karney,Pepon,Male,karney.pepon@g.batstate-u.edu.ph,mQxO7YeL6P
872,Findlay,O'Cannavan,Male,findlay.o'cannavan@g.batstate-u.edu.ph,N1VWsF2L4ZEu
873,Kinsley,Hutcheon,Male,kinsley.hutcheon@g.batstate-u.edu.ph,IxILIHR8s
874,Tabbatha,Tretter,Female,tabbatha.tretter@g.batstate-u.edu.ph,zbFmUWZ8cT
875,Kev,Bradburne,Male,kev.bradburne@g.batstate-u.edu.ph,GBZHtAHw7p
876,Reinaldos,Dugmore,Male,reinaldos.dugmore@g.batstate-u.edu.ph,TDtTybRo
877,Jordain,Sedgwick,Female,jordain.sedgwick@g.batstate-u.edu.ph,uyqeSLvjq
878,Belicia,Melladew,Female,belicia.melladew@g.batstate-u.edu.ph,ZqR67g
879,Seka,Colclough,Female,seka.colclough@g.batstate-u.edu.ph,KSudnxqadT
880,Lindy,Bleier,Male,lindy.bleier@g.batstate-u.edu.ph,A2TI0o
881,Stephen,Rew,Male,stephen.rew@g.batstate-u.edu.ph,zONDO5xhXPG
882,Mikol,Siely,Male,mikol.siely@g.batstate-u.edu.ph,RDJbPKL
883,Tommy,Gemnett,Female,tommy.gemnett@g.batstate-u.edu.ph,Sx3n72
884,Gualterio,Duffitt,Male,gualterio.duffitt@g.batstate-u.edu.ph,gc1t5EtssQ31
885,Leupold,Rown,Male,leupold.rown@g.batstate-u.edu.ph,gGCpnK69dGQ8
886,Ophelie,Randerson,Female,ophelie.randerson@g.batstate-u.edu.ph,m1VoMS3p
887,Elfie,Brimblecomb,Female,elfie.brimblecomb@g.batstate-u.edu.ph,uG72Yx
888,Hal,Matous,Male,hal.matous@g.batstate-u.edu.ph,LJGhacDrS4O
889,Germain,Ransome,Female,germain.ransome@g.batstate-u.edu.ph,xCCrft
890,Florette,Capaldi,Female,florette.capaldi@g.batstate-u.edu.ph,GvvXxp8
891,Mair,Tozer,Female,mair.tozer@g.batstate-u.edu.ph,xQWewE6
892,Colene,Hornig,Female,colene.hornig@g.batstate-u.edu.ph,yEwIWPbl
893,Rivy,Skin,Female,rivy.skin@g.batstate-u.edu.ph,xoa5syI75e
894,Andreas,McKeag,Male,andreas.mckeag@g.batstate-u.edu.ph,y9Nudtk2rtm
895,Jehu,Eagle,Male,jehu.eagle@g.batstate-u.edu.ph,MPw47Y7fR5D
896,Manfred,Newborn,Male,manfred.newborn@g.batstate-u.edu.ph,L57RhlaPh1rB
897,Britney,Botterell,Female,britney.botterell@g.batstate-u.edu.ph,Wf7A9Ifjk
898,Zena,MacPake,Female,zena.macpake@g.batstate-u.edu.ph,wIvR4DkR18
899,Law,O'Henecan,Male,law.o'henecan@g.batstate-u.edu.ph,PzthPT
900,Iggy,Hakonsson,Male,iggy.hakonsson@g.batstate-u.edu.ph,p7msoDGLhSS
901,Bea,Frankema,Female,bea.frankema@g.batstate-u.edu.ph,ZPUCwUXi5yv
902,Ali,Beau,Male,ali.beau@g.batstate-u.edu.ph,DfHgJ1uBpug
903,Adham,Werndly,Male,adham.werndly@g.batstate-u.edu.ph,LxAbErCJP4N
904,Maria,Mowbury,Female,maria.mowbury@g.batstate-u.edu.ph,OpaPh2
905,Coleen,Dugue,Female,coleen.dugue@g.batstate-u.edu.ph,9HDkYYWxK02
906,Spense,Lugard,Male,spense.lugard@g.batstate-u.edu.ph,v4e2h2t
907,Felisha,Shilburne,Female,felisha.shilburne@g.batstate-u.edu.ph,a1sp0MqOBvN2
908,Elisha,Farnorth,Female,elisha.farnorth@g.batstate-u.edu.ph,DZwXke9KgIBc
909,Nelli,Pearle,Female,nelli.pearle@g.batstate-u.edu.ph,dOGrlORo
910,Jackquelin,Higgan,Female,jackquelin.higgan@g.batstate-u.edu.ph,7aieg4Sy
911,Garth,Hince,Male,garth.hince@g.batstate-u.edu.ph,jQD9CCZi5rz
912,Dur,Gregh,Male,dur.gregh@g.batstate-u.edu.ph,3iIdLV
913,Sarena,Puckring,Female,sarena.puckring@g.batstate-u.edu.ph,z7Eu006
914,Cthrine,Heaysman,Female,cthrine.heaysman@g.batstate-u.edu.ph,m2jwkwlo
915,Wang,Sapena,Male,wang.sapena@g.batstate-u.edu.ph,dbxx57XtrEZ
916,Tate,Gercke,Male,tate.gercke@g.batstate-u.edu.ph,lvDdRxWlt
917,Lorena,MacCourt,Female,lorena.maccourt@g.batstate-u.edu.ph,xY24hksLaf9k
918,Benjamen,Kaubisch,Male,benjamen.kaubisch@g.batstate-u.edu.ph,yjFx51m
919,Culver,O'Teague,Male,culver.o'teague@g.batstate-u.edu.ph,DLexpQ7
920,Theresina,Dellenbroker,Female,theresina.dellenbroker@g.batstate-u.edu.ph,1teNwKVHo
921,Leesa,Dunbobbin,Female,leesa.dunbobbin@g.batstate-u.edu.ph,gNJ4rMHw3Sz
922,Thorsten,Widocks,Male,thorsten.widocks@g.batstate-u.edu.ph,wTcWg9
923,Torrin,Baurerich,Male,torrin.baurerich@g.batstate-u.edu.ph,trpyiM
924,Hercules,Rummer,Male,hercules.rummer@g.batstate-u.edu.ph,8S0c1Ulmo1
925,Abramo,Knotte,Male,abramo.knotte@g.batstate-u.edu.ph,TvyLpdsvNVA
926,Obadiah,Gammons,Male,obadiah.gammons@g.batstate-u.edu.ph,lOfglUZ5p
927,Bud,Gaythor,Male,bud.gaythor@g.batstate-u.edu.ph,dBTRjGqT
928,Tasia,Swancock,Female,tasia.swancock@g.batstate-u.edu.ph,GnD06PhMB
929,Fabien,Ibbetson,Male,fabien.ibbetson@g.batstate-u.edu.ph,5SKzgO
930,Romain,Rubinsaft,Male,romain.rubinsaft@g.batstate-u.edu.ph,up6y0ecDAW
931,Celka,Luparto,Female,celka.luparto@g.batstate-u.edu.ph,uczmr4
932,Dorisa,Durbyn,Female,dorisa.durbyn@g.batstate-u.edu.ph,Pwqk4RyfDOq
933,Natal,Croxley,Male,natal.croxley@g.batstate-u.edu.ph,nniQVGU8Z
934,Nesta,Sweedland,Female,nesta.sweedland@g.batstate-u.edu.ph,SlqPq3XBgmQ
935,Marybelle,Bakey,Female,marybelle.bakey@g.batstate-u.edu.ph,lxUXhj3M6
936,Nadeen,Walewski,Female,nadeen.walewski@g.batstate-u.edu.ph,E7CirUAbX
937,Rosalyn,Brogan,Female,rosalyn.brogan@g.batstate-u.edu.ph,Bh9vrwcM
938,Ruperto,Novik,Male,ruperto.novik@g.batstate-u.edu.ph,nNJyL0a4di
939,Otha,Gulvin,Female,otha.gulvin@g.batstate-u.edu.ph,NS5vOmyJ5km
940,Davidson,Litterick,Male,davidson.litterick@g.batstate-u.edu.ph,aUB0Cgz6pN8
941,Salvidor,Burch,Male,salvidor.burch@g.batstate-u.edu.ph,efKl2cWytA8
942,Patrizius,Maffioni,Male,patrizius.maffioni@g.batstate-u.edu.ph,9rw5SB
943,Joice,Bergstram,Female,joice.bergstram@g.batstate-u.edu.ph,A8nzOocyKrt
944,Sandro,Spick,Male,sandro.spick@g.batstate-u.edu.ph,S5iudrSuPc
945,Emilio,Ludwikiewicz,Male,emilio.ludwikiewicz@g.batstate-u.edu.ph,a41CdhH
946,Elora,Dudney,Female,elora.dudney@g.batstate-u.edu.ph,SPoEtG
947,Spenser,Mcwhinnie,Male,spenser.mcwhinnie@g.batstate-u.edu.ph,LJEpDFdssVaI
948,Verile,Livezley,Female,verile.livezley@g.batstate-u.edu.ph,Uo96OX
949,Leigh,Picopp,Female,leigh.picopp@g.batstate-u.edu.ph,wOSvpZUxlrw
950,Abran,Hampton,Male,abran.hampton@g.batstate-u.edu.ph,Gpq9o5
951,Turner,Hinrich,Male,turner.hinrich@g.batstate-u.edu.ph,9IG3I7
952,Janot,Maughan,Female,janot.maughan@g.batstate-u.edu.ph,YBtfHZH4c
953,Elsi,Baumer,Female,elsi.baumer@g.batstate-u.edu.ph,y3qPdr
954,Sloane,Krug,Male,sloane.krug@g.batstate-u.edu.ph,bYRCS0lk2
955,Dannie,Skough,Male,dannie.skough@g.batstate-u.edu.ph,BglugsFmN
956,Aloysius,Rothert,Male,aloysius.rothert@g.batstate-u.edu.ph,vFtfduj
957,Estrella,Ericsson,Female,estrella.ericsson@g.batstate-u.edu.ph,98k1Hu
958,Riccardo,Stolte,Male,riccardo.stolte@g.batstate-u.edu.ph,5FC4HuGLt1m
959,Trish,Gauthorpp,Female,trish.gauthorpp@g.batstate-u.edu.ph,16Q2DwLB
960,Phillipe,Kirwood,Male,phillipe.kirwood@g.batstate-u.edu.ph,JNwjgj2Zx
961,Bibi,Dobing,Female,bibi.dobing@g.batstate-u.edu.ph,6thp31gX0r
962,Quinton,Maryon,Male,quinton.maryon@g.batstate-u.edu.ph,14aCk72iUH
963,Packston,MacIlwrick,Male,packston.macilwrick@g.batstate-u.edu.ph,mPKGKMgfXr1v
964,Bjorn,Garnett,Male,bjorn.garnett@g.batstate-u.edu.ph,BIG7MJScc
965,Lowrance,Sagg,Male,lowrance.sagg@g.batstate-u.edu.ph,wdj2L8nTq
966,Ava,Ensten,Female,ava.ensten@g.batstate-u.edu.ph,VfVA9Ll7
967,Freddie,Stenhouse,Male,freddie.stenhouse@g.batstate-u.edu.ph,pQJlsOs
968,Towney,Wynes,Male,towney.wynes@g.batstate-u.edu.ph,9kdfEuoG
969,Gae,Sprague,Female,gae.sprague@g.batstate-u.edu.ph,b0aLl4A8p3U
970,Carlee,Mackstead,Female,carlee.mackstead@g.batstate-u.edu.ph,I3enbr
971,Easter,Golden of Ireland,Female,easter.golden of ireland@g.batstate-u.edu.ph,vJvjvk1s8fv
972,Joshua,Bannell,Male,joshua.bannell@g.batstate-u.edu.ph,dV9OeMsh
973,Hannie,Nother,Female,hannie.nother@g.batstate-u.edu.ph,3CPXeD
974,Robbie,Priestner,Male,robbie.priestner@g.batstate-u.edu.ph,6ueCySxxu8DH
975,Betsey,Scroxton,Female,betsey.scroxton@g.batstate-u.edu.ph,SwZh6SHrqDf
976,Ad,Dahlberg,Male,ad.dahlberg@g.batstate-u.edu.ph,XQnaK443Z
977,Lucille,Bacon,Female,lucille.bacon@g.batstate-u.edu.ph,Q0J1NTmeKf
978,Janos,Lauxmann,Male,janos.lauxmann@g.batstate-u.edu.ph,tB12iFxJ
979,Borg,Warder,Male,borg.warder@g.batstate-u.edu.ph,HVb8DJL
980,Mara,Atlay,Female,mara.atlay@g.batstate-u.edu.ph,rR5c2ZO2
981,Ewart,Gillibrand,Male,ewart.gillibrand@g.batstate-u.edu.ph,rIlGBIuMl0D
982,Armand,Bradborne,Male,armand.bradborne@g.batstate-u.edu.ph,rKWiYs9b
983,Elaina,Woodhouse,Female,elaina.woodhouse@g.batstate-u.edu.ph,UOxlFi8Zk
984,Emalia,Tithacott,Female,emalia.tithacott@g.batstate-u.edu.ph,eWBhTuhEPKu
985,Antoine,Hollows,Male,antoine.hollows@g.batstate-u.edu.ph,19ih6L
986,Jennifer,Crimp,Female,jennifer.crimp@g.batstate-u.edu.ph,v6wegT8RzJ
987,Lu,Jeannaud,Female,lu.jeannaud@g.batstate-u.edu.ph,QN31HEQJK3
988,Samara,Baumber,Female,samara.baumber@g.batstate-u.edu.ph,1KQRcN
989,Lanie,Walwood,Female,lanie.walwood@g.batstate-u.edu.ph,Hy4LavTUi
990,Sib,Lemmanbie,Female,sib.lemmanbie@g.batstate-u.edu.ph,V0KJMSmm
991,Inge,Gauntley,Female,inge.gauntley@g.batstate-u.edu.ph,VCmuVCx8D
992,Sig,Tailby,Male,sig.tailby@g.batstate-u.edu.ph,LknpCFz
993,Roxie,Torbeck,Female,roxie.torbeck@g.batstate-u.edu.ph,iZDp1RxpR
994,Dotti,Ringe,Female,dotti.ringe@g.batstate-u.edu.ph,aK9XeKi
995,Gigi,Teers,Female,gigi.teers@g.batstate-u.edu.ph,yFf8EkMr
996,Jesse,Tosh,Female,jesse.tosh@g.batstate-u.edu.ph,scQJMcY
997,Elizabet,Popov,Female,elizabet.popov@g.batstate-u.edu.ph,LnkgnpVo5dr
998,Eunice,Gheorghe,Female,eunice.gheorghe@g.batstate-u.edu.ph,qcEufBU2g
999,Rasla,Ivanyukov,Female,rasla.ivanyukov@g.batstate-u.edu.ph,5x6J7yX
1000,Ross,Roome,Male,ross.roome@g.batstate-u.edu.ph,KszLN3myGC1m
